{
    "Label": "CPUCreditBalance",
    "Datapoints": [
        {
            "Timestamp": "2021-01-18T17:20:00+00:00",
            "Maximum": 27.440637,
            "Unit": "Count"
        },
        {
            "Timestamp": "2021-01-18T16:35:00+00:00",
            "Maximum": 37.438985,
            "Unit": "Count"
        },
        {
            "Timestamp": "2021-01-18T17:10:00+00:00",
            "Maximum": 29.916139,
            "Unit": "Count"
        },
        {
            "Timestamp": "2021-01-18T17:30:00+00:00",
            "Maximum": 24.893113,
            "Unit": "Count"
        },
        {
            "Timestamp": "2021-01-18T16:55:00+00:00",
            "Maximum": 33.211345,
            "Unit": "Count"
        },
        {
            "Timestamp": "2021-01-18T16:45:00+00:00",
            "Maximum": 35.544893,
            "Unit": "Count"
        },
        {
            "Timestamp": "2021-01-18T16:40:00+00:00",
            "Maximum": 36.45978,
            "Unit": "Count"
        },
        {
            "Timestamp": "2021-01-18T17:15:00+00:00",
            "Maximum": 28.738189,
            "Unit": "Count"
        },
        {
            "Timestamp": "2021-01-18T16:30:00+00:00",
            "Maximum": 36.992122,
            "Unit": "Count"
        },
        {
            "Timestamp": "2021-01-18T17:05:00+00:00",
            "Maximum": 31.12006,
            "Unit": "Count"
        },
        {
            "Timestamp": "2021-01-18T17:00:00+00:00",
            "Maximum": 32.082583,
            "Unit": "Count"
        },
        {
            "Timestamp": "2021-01-18T17:25:00+00:00",
            "Maximum": 26.102372,
            "Unit": "Count"
        },
        {
            "Timestamp": "2021-01-18T16:50:00+00:00",
            "Maximum": 34.357054,
            "Unit": "Count"
        }
    ]
}
