{
    "Label": "CPUCreditBalance",
    "Datapoints": [
        {
            "Timestamp": "2021-01-18T17:20:00+00:00",
            "Maximum": 27.847585,
            "Unit": "Count"
        },
        {
            "Timestamp": "2021-01-18T16:35:00+00:00",
            "Maximum": 38.076381,
            "Unit": "Count"
        },
        {
            "Timestamp": "2021-01-18T17:10:00+00:00",
            "Maximum": 30.180028,
            "Unit": "Count"
        },
        {
            "Timestamp": "2021-01-18T17:30:00+00:00",
            "Maximum": 25.759591,
            "Unit": "Count"
        },
        {
            "Timestamp": "2021-01-18T16:55:00+00:00",
            "Maximum": 33.767622,
            "Unit": "Count"
        },
        {
            "Timestamp": "2021-01-18T16:45:00+00:00",
            "Maximum": 35.862131,
            "Unit": "Count"
        },
        {
            "Timestamp": "2021-01-18T16:40:00+00:00",
            "Maximum": 36.913912,
            "Unit": "Count"
        },
        {
            "Timestamp": "2021-01-18T17:15:00+00:00",
            "Maximum": 28.904019,
            "Unit": "Count"
        },
        {
            "Timestamp": "2021-01-18T16:30:00+00:00",
            "Maximum": 37.639911,
            "Unit": "Count"
        },
        {
            "Timestamp": "2021-01-18T17:05:00+00:00",
            "Maximum": 31.400852,
            "Unit": "Count"
        },
        {
            "Timestamp": "2021-01-18T17:00:00+00:00",
            "Maximum": 32.759168,
            "Unit": "Count"
        },
        {
            "Timestamp": "2021-01-18T17:25:00+00:00",
            "Maximum": 26.796204,
            "Unit": "Count"
        },
        {
            "Timestamp": "2021-01-18T16:50:00+00:00",
            "Maximum": 34.91526,
            "Unit": "Count"
        }
    ]
}
