{
    "Label": "CPUCreditBalance",
    "Datapoints": [
        {
            "Timestamp": "2021-01-18T17:20:00+00:00",
            "Maximum": 28.645511,
            "Unit": "Count"
        },
        {
            "Timestamp": "2021-01-18T16:35:00+00:00",
            "Maximum": 38.717063,
            "Unit": "Count"
        },
        {
            "Timestamp": "2021-01-18T17:10:00+00:00",
            "Maximum": 30.884419,
            "Unit": "Count"
        },
        {
            "Timestamp": "2021-01-18T17:30:00+00:00",
            "Maximum": 26.223975,
            "Unit": "Count"
        },
        {
            "Timestamp": "2021-01-18T16:55:00+00:00",
            "Maximum": 34.297251,
            "Unit": "Count"
        },
        {
            "Timestamp": "2021-01-18T16:45:00+00:00",
            "Maximum": 36.491096,
            "Unit": "Count"
        },
        {
            "Timestamp": "2021-01-18T16:40:00+00:00",
            "Maximum": 37.717044,
            "Unit": "Count"
        },
        {
            "Timestamp": "2021-01-18T17:15:00+00:00",
            "Maximum": 29.751607,
            "Unit": "Count"
        },
        {
            "Timestamp": "2021-01-18T16:30:00+00:00",
            "Maximum": 38.29208,
            "Unit": "Count"
        },
        {
            "Timestamp": "2021-01-18T17:05:00+00:00",
            "Maximum": 31.960317,
            "Unit": "Count"
        },
        {
            "Timestamp": "2021-01-18T17:00:00+00:00",
            "Maximum": 33.197297,
            "Unit": "Count"
        },
        {
            "Timestamp": "2021-01-18T17:25:00+00:00",
            "Maximum": 27.483994,
            "Unit": "Count"
        },
        {
            "Timestamp": "2021-01-18T16:50:00+00:00",
            "Maximum": 35.399902,
            "Unit": "Count"
        }
    ]
}
