{
    "Label": "CPUUtilization",
    "Datapoints": [
        {
            "Timestamp": "2021-01-18T17:13:00+00:00",
            "Maximum": 36.8333333333332,
            "Unit": "Percent"
        },
        {
            "Timestamp": "2021-01-18T16:38:00+00:00",
            "Maximum": 43.8333333333333,
            "Unit": "Percent"
        },
        {
            "Timestamp": "2021-01-18T17:23:00+00:00",
            "Maximum": 34.1666666666667,
            "Unit": "Percent"
        },
        {
            "Timestamp": "2021-01-18T16:48:00+00:00",
            "Maximum": 37.1666666666666,
            "Unit": "Percent"
        },
        {
            "Timestamp": "2021-01-18T17:33:00+00:00",
            "Maximum": 27.0491803278689,
            "Unit": "Percent"
        },
        {
            "Timestamp": "2021-01-18T16:58:00+00:00",
            "Maximum": 47.0491803278689,
            "Unit": "Percent"
        },
        {
            "Timestamp": "2021-01-18T17:08:00+00:00",
            "Maximum": 38.3333333333333,
            "Unit": "Percent"
        },
        {
            "Timestamp": "2021-01-18T16:33:00+00:00",
            "Maximum": 33.8333333333333,
            "Unit": "Percent"
        },
        {
            "Timestamp": "2021-01-18T17:18:00+00:00",
            "Maximum": 36.8333333333332,
            "Unit": "Percent"
        },
        {
            "Timestamp": "2021-01-18T16:43:00+00:00",
            "Maximum": 39.8333333333335,
            "Unit": "Percent"
        },
        {
            "Timestamp": "2021-01-18T17:28:00+00:00",
            "Maximum": 42.0000000000005,
            "Unit": "Percent"
        },
        {
            "Timestamp": "2021-01-18T16:53:00+00:00",
            "Maximum": 40.1666666666669,
            "Unit": "Percent"
        },
        {
            "Timestamp": "2021-01-18T17:03:00+00:00",
            "Maximum": 41.8032786885246,
            "Unit": "Percent"
        }
    ]
}
