{
    "Label": "CPUUtilization",
    "Datapoints": [
        {
            "Timestamp": "2021-01-18T17:04:00+00:00",
            "Maximum": 35.8333333333333,
            "Unit": "Percent"
        },
        {
            "Timestamp": "2021-01-18T17:14:00+00:00",
            "Maximum": 38.8333333333336,
            "Unit": "Percent"
        },
        {
            "Timestamp": "2021-01-18T16:39:00+00:00",
            "Maximum": 42.6666666666665,
            "Unit": "Percent"
        },
        {
            "Timestamp": "2021-01-18T17:24:00+00:00",
            "Maximum": 41.8333333333332,
            "Unit": "Percent"
        },
        {
            "Timestamp": "2021-01-18T16:49:00+00:00",
            "Maximum": 35.1666666666665,
            "Unit": "Percent"
        },
        {
            "Timestamp": "2021-01-18T17:34:00+00:00",
            "Maximum": 3.72881355932173,
            "Unit": "Percent"
        },
        {
            "Timestamp": "2021-01-18T16:59:00+00:00",
            "Maximum": 39.8333333333335,
            "Unit": "Percent"
        },
        {
            "Timestamp": "2021-01-18T17:09:00+00:00",
            "Maximum": 38.8135593220337,
            "Unit": "Percent"
        },
        {
            "Timestamp": "2021-01-18T16:34:00+00:00",
            "Maximum": 31.0000000000002,
            "Unit": "Percent"
        },
        {
            "Timestamp": "2021-01-18T17:19:00+00:00",
            "Maximum": 37.9661016949154,
            "Unit": "Percent"
        },
        {
            "Timestamp": "2021-01-18T16:44:00+00:00",
            "Maximum": 38.1666666666668,
            "Unit": "Percent"
        },
        {
            "Timestamp": "2021-01-18T17:29:00+00:00",
            "Maximum": 34.4999999999997,
            "Unit": "Percent"
        },
        {
            "Timestamp": "2021-01-18T16:54:00+00:00",
            "Maximum": 41.6666666666667,
            "Unit": "Percent"
        }
    ]
}
