{
    "Label": "CPUUtilization",
    "Datapoints": [
        {
            "Timestamp": "2021-01-18T16:46:00+00:00",
            "Maximum": 45.8333333333333,
            "Unit": "Percent"
        },
        {
            "Timestamp": "2021-01-18T17:31:00+00:00",
            "Maximum": 34.4262295081967,
            "Unit": "Percent"
        },
        {
            "Timestamp": "2021-01-18T16:56:00+00:00",
            "Maximum": 37.8688524590162,
            "Unit": "Percent"
        },
        {
            "Timestamp": "2021-01-18T17:06:00+00:00",
            "Maximum": 41.1666666666667,
            "Unit": "Percent"
        },
        {
            "Timestamp": "2021-01-18T16:31:00+00:00",
            "Maximum": 19.1803278688525,
            "Unit": "Percent"
        },
        {
            "Timestamp": "2021-01-18T17:16:00+00:00",
            "Maximum": 41.6666666666667,
            "Unit": "Percent"
        },
        {
            "Timestamp": "2021-01-18T16:41:00+00:00",
            "Maximum": 32.9999999999999,
            "Unit": "Percent"
        },
        {
            "Timestamp": "2021-01-18T17:26:00+00:00",
            "Maximum": 40.6779661016949,
            "Unit": "Percent"
        },
        {
            "Timestamp": "2021-01-18T16:51:00+00:00",
            "Maximum": 53.2203389830506,
            "Unit": "Percent"
        },
        {
            "Timestamp": "2021-01-18T17:01:00+00:00",
            "Maximum": 33.1666666666664,
            "Unit": "Percent"
        },
        {
            "Timestamp": "2021-01-18T17:11:00+00:00",
            "Maximum": 38.9830508474576,
            "Unit": "Percent"
        },
        {
            "Timestamp": "2021-01-18T16:36:00+00:00",
            "Maximum": 36.0000000000002,
            "Unit": "Percent"
        },
        {
            "Timestamp": "2021-01-18T17:21:00+00:00",
            "Maximum": 39.8333333333327,
            "Unit": "Percent"
        }
    ]
}
