{
    "Label": "mem_used_percent",
    "Datapoints": [
        {
            "Timestamp": "2021-01-18T17:34:43+00:00",
            "Maximum": 23.494567430127013,
            "Unit": "Percent"
        },
        {
            "Timestamp": "2021-01-18T17:31:53+00:00",
            "Maximum": 23.501752313133167,
            "Unit": "Percent"
        },
        {
            "Timestamp": "2021-01-18T17:32:53+00:00",
            "Maximum": 23.496962391129063,
            "Unit": "Percent"
        },
        {
            "Timestamp": "2021-01-18T17:30:03+00:00",
            "Maximum": 23.510932996974365,
            "Unit": "Percent"
        },
        {
            "Timestamp": "2021-01-18T17:32:43+00:00",
            "Maximum": 23.497361551296073,
            "Unit": "Percent"
        },
        {
            "Timestamp": "2021-01-18T17:30:53+00:00",
            "Maximum": 23.507340555471288,
            "Unit": "Percent"
        },
        {
            "Timestamp": "2021-01-18T17:33:43+00:00",
            "Maximum": 23.49297078945898,
            "Unit": "Percent"
        },
        {
            "Timestamp": "2021-01-18T17:33:03+00:00",
            "Maximum": 23.49536575046103,
            "Unit": "Percent"
        },
        {
            "Timestamp": "2021-01-18T17:33:33+00:00",
            "Maximum": 23.493369949625986,
            "Unit": "Percent"
        },
        {
            "Timestamp": "2021-01-18T17:34:03+00:00",
            "Maximum": 23.490974988623936,
            "Unit": "Percent"
        },
        {
            "Timestamp": "2021-01-18T17:34:33+00:00",
            "Maximum": 23.519714520648556,
            "Unit": "Percent"
        },
        {
            "Timestamp": "2021-01-18T17:31:03+00:00",
            "Maximum": 23.505743914803254,
            "Unit": "Percent"
        },
        {
            "Timestamp": "2021-01-18T17:31:33+00:00",
            "Maximum": 23.502550633467184,
            "Unit": "Percent"
        },
        {
            "Timestamp": "2021-01-18T17:32:03+00:00",
            "Maximum": 23.50055483263214,
            "Unit": "Percent"
        },
        {
            "Timestamp": "2021-01-18T17:32:33+00:00",
            "Maximum": 23.49815987163009,
            "Unit": "Percent"
        },
        {
            "Timestamp": "2021-01-18T17:31:23+00:00",
            "Maximum": 23.504546434302227,
            "Unit": "Percent"
        },
        {
            "Timestamp": "2021-01-18T17:32:23+00:00",
            "Maximum": 23.499357352131117,
            "Unit": "Percent"
        },
        {
            "Timestamp": "2021-01-18T17:30:33+00:00",
            "Maximum": 23.507739715638298,
            "Unit": "Percent"
        },
        {
            "Timestamp": "2021-01-18T17:33:23+00:00",
            "Maximum": 23.49496659029402,
            "Unit": "Percent"
        },
        {
            "Timestamp": "2021-01-18T17:32:13+00:00",
            "Maximum": 23.500155672465134,
            "Unit": "Percent"
        },
        {
            "Timestamp": "2021-01-18T17:30:23+00:00",
            "Maximum": 23.50893719613932,
            "Unit": "Percent"
        },
        {
            "Timestamp": "2021-01-18T17:33:13+00:00",
            "Maximum": 23.49536575046103,
            "Unit": "Percent"
        },
        {
            "Timestamp": "2021-01-18T17:34:13+00:00",
            "Maximum": 23.523306962151633,
            "Unit": "Percent"
        },
        {
            "Timestamp": "2021-01-18T17:30:13+00:00",
            "Maximum": 23.510134676640348,
            "Unit": "Percent"
        },
        {
            "Timestamp": "2021-01-18T17:30:43+00:00",
            "Maximum": 23.507340555471288,
            "Unit": "Percent"
        },
        {
            "Timestamp": "2021-01-18T17:31:13+00:00",
            "Maximum": 23.504945594469238,
            "Unit": "Percent"
        },
        {
            "Timestamp": "2021-01-18T17:31:43+00:00",
            "Maximum": 23.502151473300177,
            "Unit": "Percent"
        },
        {
            "Timestamp": "2021-01-18T17:33:53+00:00",
            "Maximum": 23.49217246912496,
            "Unit": "Percent"
        },
        {
            "Timestamp": "2021-01-18T17:34:23+00:00",
            "Maximum": 23.520113680815562,
            "Unit": "Percent"
        },
        {
            "Timestamp": "2021-01-18T17:34:53+00:00",
            "Maximum": 23.493769109792996,
            "Unit": "Percent"
        }
    ]
}
