{
    "Label": "mem_used_percent",
    "Datapoints": [
        {
            "Timestamp": "2021-01-18T16:44:33+00:00",
            "Maximum": 23.515323758811462,
            "Unit": "Percent"
        },
        {
            "Timestamp": "2021-01-18T16:38:53+00:00",
            "Maximum": 23.50135315296616,
            "Unit": "Percent"
        },
        {
            "Timestamp": "2021-01-18T16:33:13+00:00",
            "Maximum": 23.44986149142205,
            "Unit": "Percent"
        },
        {
            "Timestamp": "2021-01-18T16:42:43+00:00",
            "Maximum": 25.192195620414648,
            "Unit": "Percent"
        },
        {
            "Timestamp": "2021-01-18T16:37:03+00:00",
            "Maximum": 23.510134676640348,
            "Unit": "Percent"
        },
        {
            "Timestamp": "2021-01-18T16:31:23+00:00",
            "Maximum": 23.45145813209008,
            "Unit": "Percent"
        },
        {
            "Timestamp": "2021-01-18T16:36:53+00:00",
            "Maximum": 23.511332157141375,
            "Unit": "Percent"
        },
        {
            "Timestamp": "2021-01-18T16:42:33+00:00",
            "Maximum": 24.842531314115103,
            "Unit": "Percent"
        },
        {
            "Timestamp": "2021-01-18T16:31:13+00:00",
            "Maximum": 23.45145813209008,
            "Unit": "Percent"
        },
        {
            "Timestamp": "2021-01-18T16:40:43+00:00",
            "Maximum": 23.517319559646502,
            "Unit": "Percent"
        },
        {
            "Timestamp": "2021-01-18T16:35:03+00:00",
            "Maximum": 23.468222859104444,
            "Unit": "Percent"
        },
        {
            "Timestamp": "2021-01-18T16:40:33+00:00",
            "Maximum": 23.518117879980522,
            "Unit": "Percent"
        },
        {
            "Timestamp": "2021-01-18T16:34:53+00:00",
            "Maximum": 23.46942033960547,
            "Unit": "Percent"
        },
        {
            "Timestamp": "2021-01-18T16:41:03+00:00",
            "Maximum": 23.51572291897847,
            "Unit": "Percent"
        },
        {
            "Timestamp": "2021-01-18T16:35:23+00:00",
            "Maximum": 23.49297078945898,
            "Unit": "Percent"
        },
        {
            "Timestamp": "2021-01-18T16:38:33+00:00",
            "Maximum": 23.502550633467184,
            "Unit": "Percent"
        },
        {
            "Timestamp": "2021-01-18T16:44:13+00:00",
            "Maximum": 23.516920399479496,
            "Unit": "Percent"
        },
        {
            "Timestamp": "2021-01-18T16:32:53+00:00",
            "Maximum": 23.44986149142205,
            "Unit": "Percent"
        },
        {
            "Timestamp": "2021-01-18T16:44:43+00:00",
            "Maximum": 23.514924598644452,
            "Unit": "Percent"
        },
        {
            "Timestamp": "2021-01-18T16:39:03+00:00",
            "Maximum": 23.499756512298124,
            "Unit": "Percent"
        },
        {
            "Timestamp": "2021-01-18T16:33:23+00:00",
            "Maximum": 23.44906317108803,
            "Unit": "Percent"
        },
        {
            "Timestamp": "2021-01-18T16:38:23+00:00",
            "Maximum": 23.50374811396821,
            "Unit": "Percent"
        },
        {
            "Timestamp": "2021-01-18T16:41:13+00:00",
            "Maximum": 23.51572291897847,
            "Unit": "Percent"
        },
        {
            "Timestamp": "2021-01-18T16:42:13+00:00",
            "Maximum": 23.484987586118805,
            "Unit": "Percent"
        },
        {
            "Timestamp": "2021-01-18T16:39:23+00:00",
            "Maximum": 23.4985590317971,
            "Unit": "Percent"
        },
        {
            "Timestamp": "2021-01-18T16:30:53+00:00",
            "Maximum": 23.4522564524241,
            "Unit": "Percent"
        },
        {
            "Timestamp": "2021-01-18T16:40:23+00:00",
            "Maximum": 23.519714520648556,
            "Unit": "Percent"
        },
        {
            "Timestamp": "2021-01-18T16:43:13+00:00",
            "Maximum": 23.5217103214836,
            "Unit": "Percent"
        },
        {
            "Timestamp": "2021-01-18T16:36:23+00:00",
            "Maximum": 23.513727118143425,
            "Unit": "Percent"
        },
        {
            "Timestamp": "2021-01-18T16:39:13+00:00",
            "Maximum": 23.499357352131117,
            "Unit": "Percent"
        },
        {
            "Timestamp": "2021-01-18T16:40:13+00:00",
            "Maximum": 23.519714520648556,
            "Unit": "Percent"
        },
        {
            "Timestamp": "2021-01-18T16:37:23+00:00",
            "Maximum": 23.50893719613932,
            "Unit": "Percent"
        },
        {
            "Timestamp": "2021-01-18T16:31:03+00:00",
            "Maximum": 23.45145813209008,
            "Unit": "Percent"
        },
        {
            "Timestamp": "2021-01-18T16:37:13+00:00",
            "Maximum": 23.50973551647334,
            "Unit": "Percent"
        },
        {
            "Timestamp": "2021-01-18T16:43:23+00:00",
            "Maximum": 23.520113680815562,
            "Unit": "Percent"
        },
        {
            "Timestamp": "2021-01-18T16:32:03+00:00",
            "Maximum": 23.450659811756065,
            "Unit": "Percent"
        },
        {
            "Timestamp": "2021-01-18T16:38:13+00:00",
            "Maximum": 23.504945594469238,
            "Unit": "Percent"
        },
        {
            "Timestamp": "2021-01-18T16:44:23+00:00",
            "Maximum": 23.515323758811462,
            "Unit": "Percent"
        },
        {
            "Timestamp": "2021-01-18T16:33:03+00:00",
            "Maximum": 23.44986149142205,
            "Unit": "Percent"
        },
        {
            "Timestamp": "2021-01-18T16:35:13+00:00",
            "Maximum": 23.468222859104444,
            "Unit": "Percent"
        },
        {
            "Timestamp": "2021-01-18T16:41:23+00:00",
            "Maximum": 23.514924598644452,
            "Unit": "Percent"
        },
        {
            "Timestamp": "2021-01-18T16:30:03+00:00",
            "Maximum": 23.456248054094186,
            "Unit": "Percent"
        },
        {
            "Timestamp": "2021-01-18T16:36:13+00:00",
            "Maximum": 23.4893783479559,
            "Unit": "Percent"
        },
        {
            "Timestamp": "2021-01-18T16:42:23+00:00",
            "Maximum": 23.4845884259518,
            "Unit": "Percent"
        },
        {
            "Timestamp": "2021-01-18T16:36:03+00:00",
            "Maximum": 23.48977750812291,
            "Unit": "Percent"
        },
        {
            "Timestamp": "2021-01-18T16:41:43+00:00",
            "Maximum": 23.48698338695385,
            "Unit": "Percent"
        },
        {
            "Timestamp": "2021-01-18T16:30:23+00:00",
            "Maximum": 23.45544973376017,
            "Unit": "Percent"
        },
        {
            "Timestamp": "2021-01-18T16:34:13+00:00",
            "Maximum": 23.470218659939487,
            "Unit": "Percent"
        },
        {
            "Timestamp": "2021-01-18T16:39:53+00:00",
            "Maximum": 23.5217103214836,
            "Unit": "Percent"
        },
        {
            "Timestamp": "2021-01-18T16:30:13+00:00",
            "Maximum": 23.456248054094186,
            "Unit": "Percent"
        },
        {
            "Timestamp": "2021-01-18T16:39:43+00:00",
            "Maximum": 23.5217103214836,
            "Unit": "Percent"
        },
        {
            "Timestamp": "2021-01-18T16:34:03+00:00",
            "Maximum": 23.470218659939487,
            "Unit": "Percent"
        },
        {
            "Timestamp": "2021-01-18T16:37:53+00:00",
            "Maximum": 23.50614307497026,
            "Unit": "Percent"
        },
        {
            "Timestamp": "2021-01-18T16:43:33+00:00",
            "Maximum": 23.520113680815562,
            "Unit": "Percent"
        },
        {
            "Timestamp": "2021-01-18T16:32:13+00:00",
            "Maximum": 23.450659811756065,
            "Unit": "Percent"
        },
        {
            "Timestamp": "2021-01-18T16:33:53+00:00",
            "Maximum": 23.44866401092102,
            "Unit": "Percent"
        },
        {
            "Timestamp": "2021-01-18T16:34:23+00:00",
            "Maximum": 23.470218659939487,
            "Unit": "Percent"
        },
        {
            "Timestamp": "2021-01-18T16:40:03+00:00",
            "Maximum": 23.520512840982573,
            "Unit": "Percent"
        },
        {
            "Timestamp": "2021-01-18T16:41:33+00:00",
            "Maximum": 23.488180867454876,
            "Unit": "Percent"
        },
        {
            "Timestamp": "2021-01-18T16:35:53+00:00",
            "Maximum": 23.490974988623936,
            "Unit": "Percent"
        },
        {
            "Timestamp": "2021-01-18T16:31:53+00:00",
            "Maximum": 23.450659811756065,
            "Unit": "Percent"
        },
        {
            "Timestamp": "2021-01-18T16:37:33+00:00",
            "Maximum": 23.507340555471288,
            "Unit": "Percent"
        },
        {
            "Timestamp": "2021-01-18T16:43:43+00:00",
            "Maximum": 23.519315360481546,
            "Unit": "Percent"
        },
        {
            "Timestamp": "2021-01-18T16:38:03+00:00",
            "Maximum": 23.505344754636244,
            "Unit": "Percent"
        },
        {
            "Timestamp": "2021-01-18T16:32:23+00:00",
            "Maximum": 23.450659811756065,
            "Unit": "Percent"
        },
        {
            "Timestamp": "2021-01-18T16:39:33+00:00",
            "Maximum": 23.522508641817616,
            "Unit": "Percent"
        },
        {
            "Timestamp": "2021-01-18T16:35:33+00:00",
            "Maximum": 23.491773308957953,
            "Unit": "Percent"
        },
        {
            "Timestamp": "2021-01-18T16:32:43+00:00",
            "Maximum": 23.44986149142205,
            "Unit": "Percent"
        },
        {
            "Timestamp": "2021-01-18T16:33:43+00:00",
            "Maximum": 23.44866401092102,
            "Unit": "Percent"
        },
        {
            "Timestamp": "2021-01-18T16:36:33+00:00",
            "Maximum": 23.512529637642402,
            "Unit": "Percent"
        },
        {
            "Timestamp": "2021-01-18T16:42:03+00:00",
            "Maximum": 23.484987586118805,
            "Unit": "Percent"
        },
        {
            "Timestamp": "2021-01-18T16:44:53+00:00",
            "Maximum": 23.513727118143425,
            "Unit": "Percent"
        },
        {
            "Timestamp": "2021-01-18T16:33:33+00:00",
            "Maximum": 23.44866401092102,
            "Unit": "Percent"
        },
        {
            "Timestamp": "2021-01-18T16:30:43+00:00",
            "Maximum": 23.45544973376017,
            "Unit": "Percent"
        },
        {
            "Timestamp": "2021-01-18T16:43:03+00:00",
            "Maximum": 23.522109481650606,
            "Unit": "Percent"
        },
        {
            "Timestamp": "2021-01-18T16:34:33+00:00",
            "Maximum": 23.46942033960547,
            "Unit": "Percent"
        },
        {
            "Timestamp": "2021-01-18T16:31:43+00:00",
            "Maximum": 23.45145813209008,
            "Unit": "Percent"
        },
        {
            "Timestamp": "2021-01-18T16:44:03+00:00",
            "Maximum": 23.517319559646502,
            "Unit": "Percent"
        },
        {
            "Timestamp": "2021-01-18T16:36:43+00:00",
            "Maximum": 23.51173131730838,
            "Unit": "Percent"
        },
        {
            "Timestamp": "2021-01-18T16:42:53+00:00",
            "Maximum": 23.522907801984623,
            "Unit": "Percent"
        },
        {
            "Timestamp": "2021-01-18T16:31:33+00:00",
            "Maximum": 23.45145813209008,
            "Unit": "Percent"
        },
        {
            "Timestamp": "2021-01-18T16:37:43+00:00",
            "Maximum": 23.50694139530428,
            "Unit": "Percent"
        },
        {
            "Timestamp": "2021-01-18T16:43:53+00:00",
            "Maximum": 23.518117879980522,
            "Unit": "Percent"
        },
        {
            "Timestamp": "2021-01-18T16:32:33+00:00",
            "Maximum": 23.44986149142205,
            "Unit": "Percent"
        },
        {
            "Timestamp": "2021-01-18T16:38:43+00:00",
            "Maximum": 23.501752313133167,
            "Unit": "Percent"
        },
        {
            "Timestamp": "2021-01-18T16:34:43+00:00",
            "Maximum": 23.46942033960547,
            "Unit": "Percent"
        },
        {
            "Timestamp": "2021-01-18T16:40:53+00:00",
            "Maximum": 23.516920399479496,
            "Unit": "Percent"
        },
        {
            "Timestamp": "2021-01-18T16:35:43+00:00",
            "Maximum": 23.491374148790943,
            "Unit": "Percent"
        },
        {
            "Timestamp": "2021-01-18T16:41:53+00:00",
            "Maximum": 23.48658422678684,
            "Unit": "Percent"
        },
        {
            "Timestamp": "2021-01-18T16:30:33+00:00",
            "Maximum": 23.45544973376017,
            "Unit": "Percent"
        }
    ]
}
