{
    "Label": "mem_used_percent",
    "Datapoints": [
        {
            "Timestamp": "2021-01-18T17:30:45+00:00",
            "Maximum": 23.811101442564844,
            "Unit": "Percent"
        },
        {
            "Timestamp": "2021-01-18T17:33:35+00:00",
            "Maximum": 23.82706784924519,
            "Unit": "Percent"
        },
        {
            "Timestamp": "2021-01-18T17:34:35+00:00",
            "Maximum": 23.825471208577152,
            "Unit": "Percent"
        },
        {
            "Timestamp": "2021-01-18T17:31:45+00:00",
            "Maximum": 23.80631152056074,
            "Unit": "Percent"
        },
        {
            "Timestamp": "2021-01-18T17:31:35+00:00",
            "Maximum": 23.807109840894757,
            "Unit": "Percent"
        },
        {
            "Timestamp": "2021-01-18T17:34:25+00:00",
            "Maximum": 23.825471208577152,
            "Unit": "Percent"
        },
        {
            "Timestamp": "2021-01-18T17:32:35+00:00",
            "Maximum": 23.802319918890653,
            "Unit": "Percent"
        },
        {
            "Timestamp": "2021-01-18T17:31:55+00:00",
            "Maximum": 23.80591236039373,
            "Unit": "Percent"
        },
        {
            "Timestamp": "2021-01-18T17:32:25+00:00",
            "Maximum": 23.80391655955869,
            "Unit": "Percent"
        },
        {
            "Timestamp": "2021-01-18T17:32:55+00:00",
            "Maximum": 23.80112243838963,
            "Unit": "Percent"
        },
        {
            "Timestamp": "2021-01-18T17:33:25+00:00",
            "Maximum": 23.799126637554586,
            "Unit": "Percent"
        },
        {
            "Timestamp": "2021-01-18T17:30:25+00:00",
            "Maximum": 23.813097243399888,
            "Unit": "Percent"
        },
        {
            "Timestamp": "2021-01-18T17:30:55+00:00",
            "Maximum": 23.810303122230827,
            "Unit": "Percent"
        },
        {
            "Timestamp": "2021-01-18T17:31:25+00:00",
            "Maximum": 23.807509001061767,
            "Unit": "Percent"
        },
        {
            "Timestamp": "2021-01-18T17:30:15+00:00",
            "Maximum": 23.813097243399888,
            "Unit": "Percent"
        },
        {
            "Timestamp": "2021-01-18T17:33:05+00:00",
            "Maximum": 23.799924957888603,
            "Unit": "Percent"
        },
        {
            "Timestamp": "2021-01-18T17:34:05+00:00",
            "Maximum": 23.823475407742112,
            "Unit": "Percent"
        },
        {
            "Timestamp": "2021-01-18T17:31:15+00:00",
            "Maximum": 23.8091056417298,
            "Unit": "Percent"
        },
        {
            "Timestamp": "2021-01-18T17:32:15+00:00",
            "Maximum": 23.80391655955869,
            "Unit": "Percent"
        },
        {
            "Timestamp": "2021-01-18T17:31:05+00:00",
            "Maximum": 23.8091056417298,
            "Unit": "Percent"
        },
        {
            "Timestamp": "2021-01-18T17:33:55+00:00",
            "Maximum": 23.82108044674006,
            "Unit": "Percent"
        },
        {
            "Timestamp": "2021-01-18T17:34:55+00:00",
            "Maximum": 23.796332516385526,
            "Unit": "Percent"
        },
        {
            "Timestamp": "2021-01-18T17:32:05+00:00",
            "Maximum": 23.804315719725697,
            "Unit": "Percent"
        },
        {
            "Timestamp": "2021-01-18T17:34:45+00:00",
            "Maximum": 23.825471208577152,
            "Unit": "Percent"
        },
        {
            "Timestamp": "2021-01-18T17:30:05+00:00",
            "Maximum": 23.813496403566894,
            "Unit": "Percent"
        },
        {
            "Timestamp": "2021-01-18T17:30:35+00:00",
            "Maximum": 23.81150060273185,
            "Unit": "Percent"
        },
        {
            "Timestamp": "2021-01-18T17:32:45+00:00",
            "Maximum": 23.801920758723647,
            "Unit": "Percent"
        },
        {
            "Timestamp": "2021-01-18T17:33:15+00:00",
            "Maximum": 23.799126637554586,
            "Unit": "Percent"
        },
        {
            "Timestamp": "2021-01-18T17:33:45+00:00",
            "Maximum": 23.82147960690707,
            "Unit": "Percent"
        },
        {
            "Timestamp": "2021-01-18T17:34:15+00:00",
            "Maximum": 23.822277927241085,
            "Unit": "Percent"
        }
    ]
}
