{
    "Label": "mem_used_percent",
    "Datapoints": [
        {
            "Timestamp": "2021-01-18T16:43:25+00:00",
            "Maximum": 23.749231616678507,
            "Unit": "Percent"
        },
        {
            "Timestamp": "2021-01-18T16:37:45+00:00",
            "Maximum": 23.75162657768056,
            "Unit": "Percent"
        },
        {
            "Timestamp": "2021-01-18T16:32:05+00:00",
            "Maximum": 23.74324421417338,
            "Unit": "Percent"
        },
        {
            "Timestamp": "2021-01-18T16:41:35+00:00",
            "Maximum": 23.758412300519705,
            "Unit": "Percent"
        },
        {
            "Timestamp": "2021-01-18T16:35:55+00:00",
            "Maximum": 23.736059331167223,
            "Unit": "Percent"
        },
        {
            "Timestamp": "2021-01-18T16:30:15+00:00",
            "Maximum": 23.7488324565115,
            "Unit": "Percent"
        },
        {
            "Timestamp": "2021-01-18T16:31:55+00:00",
            "Maximum": 23.74324421417338,
            "Unit": "Percent"
        },
        {
            "Timestamp": "2021-01-18T16:41:25+00:00",
            "Maximum": 23.758811460686715,
            "Unit": "Percent"
        },
        {
            "Timestamp": "2021-01-18T16:35:45+00:00",
            "Maximum": 23.736059331167223,
            "Unit": "Percent"
        },
        {
            "Timestamp": "2021-01-18T16:30:05+00:00",
            "Maximum": 23.7488324565115,
            "Unit": "Percent"
        },
        {
            "Timestamp": "2021-01-18T16:39:35+00:00",
            "Maximum": 23.74324421417338,
            "Unit": "Percent"
        },
        {
            "Timestamp": "2021-01-18T16:33:55+00:00",
            "Maximum": 23.741647573505343,
            "Unit": "Percent"
        },
        {
            "Timestamp": "2021-01-18T16:33:45+00:00",
            "Maximum": 23.741647573505343,
            "Unit": "Percent"
        },
        {
            "Timestamp": "2021-01-18T16:39:25+00:00",
            "Maximum": 23.743643374340387,
            "Unit": "Percent"
        },
        {
            "Timestamp": "2021-01-18T16:39:55+00:00",
            "Maximum": 23.741248413338337,
            "Unit": "Percent"
        },
        {
            "Timestamp": "2021-01-18T16:34:15+00:00",
            "Maximum": 23.740849253171326,
            "Unit": "Percent"
        },
        {
            "Timestamp": "2021-01-18T16:43:05+00:00",
            "Maximum": 23.750828257346544,
            "Unit": "Percent"
        },
        {
            "Timestamp": "2021-01-18T16:37:25+00:00",
            "Maximum": 23.752424898014578,
            "Unit": "Percent"
        },
        {
            "Timestamp": "2021-01-18T16:43:35+00:00",
            "Maximum": 23.7488324565115,
            "Unit": "Percent"
        },
        {
            "Timestamp": "2021-01-18T16:31:45+00:00",
            "Maximum": 23.744042534507397,
            "Unit": "Percent"
        },
        {
            "Timestamp": "2021-01-18T16:37:55+00:00",
            "Maximum": 23.750429097179534,
            "Unit": "Percent"
        },
        {
            "Timestamp": "2021-01-18T16:32:15+00:00",
            "Maximum": 23.74324421417338,
            "Unit": "Percent"
        },
        {
            "Timestamp": "2021-01-18T16:31:35+00:00",
            "Maximum": 23.744042534507397,
            "Unit": "Percent"
        },
        {
            "Timestamp": "2021-01-18T16:34:25+00:00",
            "Maximum": 23.740849253171326,
            "Unit": "Percent"
        },
        {
            "Timestamp": "2021-01-18T16:43:55+00:00",
            "Maximum": 23.746836655676457,
            "Unit": "Percent"
        },
        {
            "Timestamp": "2021-01-18T16:35:25+00:00",
            "Maximum": 23.738055132002266,
            "Unit": "Percent"
        },
        {
            "Timestamp": "2021-01-18T16:32:35+00:00",
            "Maximum": 23.742445893839363,
            "Unit": "Percent"
        },
        {
            "Timestamp": "2021-01-18T16:44:55+00:00",
            "Maximum": 23.742445893839363,
            "Unit": "Percent"
        },
        {
            "Timestamp": "2021-01-18T16:40:55+00:00",
            "Maximum": 23.736059331167223,
            "Unit": "Percent"
        },
        {
            "Timestamp": "2021-01-18T16:43:45+00:00",
            "Maximum": 23.74843329634449,
            "Unit": "Percent"
        },
        {
            "Timestamp": "2021-01-18T16:32:25+00:00",
            "Maximum": 23.74324421417338,
            "Unit": "Percent"
        },
        {
            "Timestamp": "2021-01-18T16:44:45+00:00",
            "Maximum": 23.743643374340387,
            "Unit": "Percent"
        },
        {
            "Timestamp": "2021-01-18T16:41:55+00:00",
            "Maximum": 23.756416499684665,
            "Unit": "Percent"
        },
        {
            "Timestamp": "2021-01-18T16:33:25+00:00",
            "Maximum": 23.741647573505343,
            "Unit": "Percent"
        },
        {
            "Timestamp": "2021-01-18T16:30:35+00:00",
            "Maximum": 23.744840854841414,
            "Unit": "Percent"
        },
        {
            "Timestamp": "2021-01-18T16:42:55+00:00",
            "Maximum": 23.75122741751355,
            "Unit": "Percent"
        },
        {
            "Timestamp": "2021-01-18T16:35:35+00:00",
            "Maximum": 23.736857651501243,
            "Unit": "Percent"
        },
        {
            "Timestamp": "2021-01-18T16:41:45+00:00",
            "Maximum": 23.7580131403527,
            "Unit": "Percent"
        },
        {
            "Timestamp": "2021-01-18T16:30:25+00:00",
            "Maximum": 23.744840854841414,
            "Unit": "Percent"
        },
        {
            "Timestamp": "2021-01-18T16:36:35+00:00",
            "Maximum": 23.75681565985167,
            "Unit": "Percent"
        },
        {
            "Timestamp": "2021-01-18T16:42:45+00:00",
            "Maximum": 23.753223218348595,
            "Unit": "Percent"
        },
        {
            "Timestamp": "2021-01-18T16:31:25+00:00",
            "Maximum": 23.744042534507397,
            "Unit": "Percent"
        },
        {
            "Timestamp": "2021-01-18T16:37:35+00:00",
            "Maximum": 23.752424898014578,
            "Unit": "Percent"
        },
        {
            "Timestamp": "2021-01-18T16:33:35+00:00",
            "Maximum": 23.741647573505343,
            "Unit": "Percent"
        },
        {
            "Timestamp": "2021-01-18T16:39:45+00:00",
            "Maximum": 23.742445893839363,
            "Unit": "Percent"
        },
        {
            "Timestamp": "2021-01-18T16:34:35+00:00",
            "Maximum": 23.74005093283731,
            "Unit": "Percent"
        },
        {
            "Timestamp": "2021-01-18T16:40:45+00:00",
            "Maximum": 23.738055132002266,
            "Unit": "Percent"
        },
        {
            "Timestamp": "2021-01-18T16:40:35+00:00",
            "Maximum": 23.738454292169276,
            "Unit": "Percent"
        },
        {
            "Timestamp": "2021-01-18T16:34:55+00:00",
            "Maximum": 23.74005093283731,
            "Unit": "Percent"
        },
        {
            "Timestamp": "2021-01-18T16:38:45+00:00",
            "Maximum": 23.747235815843464,
            "Unit": "Percent"
        },
        {
            "Timestamp": "2021-01-18T16:44:25+00:00",
            "Maximum": 23.744840854841414,
            "Unit": "Percent"
        },
        {
            "Timestamp": "2021-01-18T16:33:05+00:00",
            "Maximum": 23.742445893839363,
            "Unit": "Percent"
        },
        {
            "Timestamp": "2021-01-18T16:38:35+00:00",
            "Maximum": 23.747634976010474,
            "Unit": "Percent"
        },
        {
            "Timestamp": "2021-01-18T16:44:15+00:00",
            "Maximum": 23.74563917517543,
            "Unit": "Percent"
        },
        {
            "Timestamp": "2021-01-18T16:32:55+00:00",
            "Maximum": 23.742445893839363,
            "Unit": "Percent"
        },
        {
            "Timestamp": "2021-01-18T16:42:25+00:00",
            "Maximum": 23.754819859016628,
            "Unit": "Percent"
        },
        {
            "Timestamp": "2021-01-18T16:31:05+00:00",
            "Maximum": 23.744042534507397,
            "Unit": "Percent"
        },
        {
            "Timestamp": "2021-01-18T16:36:45+00:00",
            "Maximum": 23.756416499684665,
            "Unit": "Percent"
        },
        {
            "Timestamp": "2021-01-18T16:32:45+00:00",
            "Maximum": 23.742445893839363,
            "Unit": "Percent"
        },
        {
            "Timestamp": "2021-01-18T16:44:35+00:00",
            "Maximum": 23.744441694674403,
            "Unit": "Percent"
        },
        {
            "Timestamp": "2021-01-18T16:38:55+00:00",
            "Maximum": 23.74563917517543,
            "Unit": "Percent"
        },
        {
            "Timestamp": "2021-01-18T16:33:15+00:00",
            "Maximum": 23.742445893839363,
            "Unit": "Percent"
        },
        {
            "Timestamp": "2021-01-18T16:40:25+00:00",
            "Maximum": 23.739252612503293,
            "Unit": "Percent"
        },
        {
            "Timestamp": "2021-01-18T16:34:45+00:00",
            "Maximum": 23.74005093283731,
            "Unit": "Percent"
        },
        {
            "Timestamp": "2021-01-18T16:36:25+00:00",
            "Maximum": 23.75761398018569,
            "Unit": "Percent"
        },
        {
            "Timestamp": "2021-01-18T16:30:45+00:00",
            "Maximum": 23.744840854841414,
            "Unit": "Percent"
        },
        {
            "Timestamp": "2021-01-18T16:42:35+00:00",
            "Maximum": 23.75402153868261,
            "Unit": "Percent"
        },
        {
            "Timestamp": "2021-01-18T16:31:15+00:00",
            "Maximum": 23.744042534507397,
            "Unit": "Percent"
        },
        {
            "Timestamp": "2021-01-18T16:36:55+00:00",
            "Maximum": 23.755219019183638,
            "Unit": "Percent"
        },
        {
            "Timestamp": "2021-01-18T16:44:05+00:00",
            "Maximum": 23.74603833534244,
            "Unit": "Percent"
        },
        {
            "Timestamp": "2021-01-18T16:38:25+00:00",
            "Maximum": 23.74843329634449,
            "Unit": "Percent"
        },
        {
            "Timestamp": "2021-01-18T16:37:15+00:00",
            "Maximum": 23.75402153868261,
            "Unit": "Percent"
        },
        {
            "Timestamp": "2021-01-18T16:40:05+00:00",
            "Maximum": 23.740849253171326,
            "Unit": "Percent"
        },
        {
            "Timestamp": "2021-01-18T16:41:05+00:00",
            "Maximum": 23.761206421688765,
            "Unit": "Percent"
        },
        {
            "Timestamp": "2021-01-18T16:38:15+00:00",
            "Maximum": 23.750029937012524,
            "Unit": "Percent"
        },
        {
            "Timestamp": "2021-01-18T16:42:05+00:00",
            "Maximum": 23.756416499684665,
            "Unit": "Percent"
        },
        {
            "Timestamp": "2021-01-18T16:35:15+00:00",
            "Maximum": 23.738055132002266,
            "Unit": "Percent"
        },
        {
            "Timestamp": "2021-01-18T16:38:05+00:00",
            "Maximum": 23.750429097179534,
            "Unit": "Percent"
        },
        {
            "Timestamp": "2021-01-18T16:36:15+00:00",
            "Maximum": 23.734063530332183,
            "Unit": "Percent"
        },
        {
            "Timestamp": "2021-01-18T16:39:05+00:00",
            "Maximum": 23.745240015008424,
            "Unit": "Percent"
        },
        {
            "Timestamp": "2021-01-18T16:36:05+00:00",
            "Maximum": 23.7348618506662,
            "Unit": "Percent"
        },
        {
            "Timestamp": "2021-01-18T16:42:15+00:00",
            "Maximum": 23.755618179350645,
            "Unit": "Percent"
        },
        {
            "Timestamp": "2021-01-18T16:30:55+00:00",
            "Maximum": 23.744840854841414,
            "Unit": "Percent"
        },
        {
            "Timestamp": "2021-01-18T16:37:05+00:00",
            "Maximum": 23.75442069884962,
            "Unit": "Percent"
        },
        {
            "Timestamp": "2021-01-18T16:43:15+00:00",
            "Maximum": 23.750429097179534,
            "Unit": "Percent"
        },
        {
            "Timestamp": "2021-01-18T16:39:15+00:00",
            "Maximum": 23.745240015008424,
            "Unit": "Percent"
        },
        {
            "Timestamp": "2021-01-18T16:34:05+00:00",
            "Maximum": 23.740849253171326,
            "Unit": "Percent"
        },
        {
            "Timestamp": "2021-01-18T16:40:15+00:00",
            "Maximum": 23.74045009300432,
            "Unit": "Percent"
        },
        {
            "Timestamp": "2021-01-18T16:35:05+00:00",
            "Maximum": 23.738853452336283,
            "Unit": "Percent"
        },
        {
            "Timestamp": "2021-01-18T16:41:15+00:00",
            "Maximum": 23.76080726152176,
            "Unit": "Percent"
        }
    ]
}
