{
    "Label": "mem_used_percent",
    "Datapoints": [
        {
            "Timestamp": "2021-01-18T17:31:04+00:00",
            "Maximum": 24.86648092413562,
            "Unit": "Percent"
        },
        {
            "Timestamp": "2021-01-18T17:33:54+00:00",
            "Maximum": 27.8869259078898,
            "Unit": "Percent"
        },
        {
            "Timestamp": "2021-01-18T17:32:04+00:00",
            "Maximum": 27.895707431563988,
            "Unit": "Percent"
        },
        {
            "Timestamp": "2021-01-18T17:34:54+00:00",
            "Maximum": 27.865371258871335,
            "Unit": "Percent"
        },
        {
            "Timestamp": "2021-01-18T17:30:14+00:00",
            "Maximum": 24.86967420547169,
            "Unit": "Percent"
        },
        {
            "Timestamp": "2021-01-18T17:33:04+00:00",
            "Maximum": 27.890917509559888,
            "Unit": "Percent"
        },
        {
            "Timestamp": "2021-01-18T17:31:14+00:00",
            "Maximum": 24.865283443634592,
            "Unit": "Percent"
        },
        {
            "Timestamp": "2021-01-18T17:34:04+00:00",
            "Maximum": 27.885329267221767,
            "Unit": "Percent"
        },
        {
            "Timestamp": "2021-01-18T17:32:14+00:00",
            "Maximum": 27.89530827139698,
            "Unit": "Percent"
        },
        {
            "Timestamp": "2021-01-18T17:32:44+00:00",
            "Maximum": 27.892913310394928,
            "Unit": "Percent"
        },
        {
            "Timestamp": "2021-01-18T17:33:14+00:00",
            "Maximum": 27.890518349392877,
            "Unit": "Percent"
        },
        {
            "Timestamp": "2021-01-18T17:33:44+00:00",
            "Maximum": 27.92085452208553,
            "Unit": "Percent"
        },
        {
            "Timestamp": "2021-01-18T17:34:14+00:00",
            "Maximum": 27.888522548557834,
            "Unit": "Percent"
        },
        {
            "Timestamp": "2021-01-18T17:34:44+00:00",
            "Maximum": 27.890917509559888,
            "Unit": "Percent"
        },
        {
            "Timestamp": "2021-01-18T17:30:04+00:00",
            "Maximum": 24.871270846139723,
            "Unit": "Percent"
        },
        {
            "Timestamp": "2021-01-18T17:30:34+00:00",
            "Maximum": 24.86887588513767,
            "Unit": "Percent"
        },
        {
            "Timestamp": "2021-01-18T17:34:24+00:00",
            "Maximum": 27.888522548557834,
            "Unit": "Percent"
        },
        {
            "Timestamp": "2021-01-18T17:31:34+00:00",
            "Maximum": 27.89810239256604,
            "Unit": "Percent"
        },
        {
            "Timestamp": "2021-01-18T17:32:34+00:00",
            "Maximum": 27.893711630728948,
            "Unit": "Percent"
        },
        {
            "Timestamp": "2021-01-18T17:30:44+00:00",
            "Maximum": 24.867279244469636,
            "Unit": "Percent"
        },
        {
            "Timestamp": "2021-01-18T17:33:34+00:00",
            "Maximum": 27.888522548557834,
            "Unit": "Percent"
        },
        {
            "Timestamp": "2021-01-18T17:34:34+00:00",
            "Maximum": 27.891715829893904,
            "Unit": "Percent"
        },
        {
            "Timestamp": "2021-01-18T17:31:44+00:00",
            "Maximum": 27.89770323239903,
            "Unit": "Percent"
        },
        {
            "Timestamp": "2021-01-18T17:30:24+00:00",
            "Maximum": 24.86927504530468,
            "Unit": "Percent"
        },
        {
            "Timestamp": "2021-01-18T17:30:54+00:00",
            "Maximum": 24.86648092413562,
            "Unit": "Percent"
        },
        {
            "Timestamp": "2021-01-18T17:31:24+00:00",
            "Maximum": 24.864485123300575,
            "Unit": "Percent"
        },
        {
            "Timestamp": "2021-01-18T17:31:54+00:00",
            "Maximum": 27.897304072232025,
            "Unit": "Percent"
        },
        {
            "Timestamp": "2021-01-18T17:32:24+00:00",
            "Maximum": 27.89490911122997,
            "Unit": "Percent"
        },
        {
            "Timestamp": "2021-01-18T17:32:54+00:00",
            "Maximum": 27.89251415022792,
            "Unit": "Percent"
        },
        {
            "Timestamp": "2021-01-18T17:33:24+00:00",
            "Maximum": 27.88972002905886,
            "Unit": "Percent"
        }
    ]
}
