{
    "Label": "mem_used_percent",
    "Datapoints": [
        {
            "Timestamp": "2021-01-18T17:28:14+00:00",
            "Maximum": 24.88005236981391,
            "Unit": "Percent"
        },
        {
            "Timestamp": "2021-01-18T17:22:34+00:00",
            "Maximum": 24.857699400461428,
            "Unit": "Percent"
        },
        {
            "Timestamp": "2021-01-18T17:16:54+00:00",
            "Maximum": 24.86688008430263,
            "Unit": "Percent"
        },
        {
            "Timestamp": "2021-01-18T17:26:24+00:00",
            "Maximum": 24.86328764279955,
            "Unit": "Percent"
        },
        {
            "Timestamp": "2021-01-18T17:20:44+00:00",
            "Maximum": 24.86688008430263,
            "Unit": "Percent"
        },
        {
            "Timestamp": "2021-01-18T17:15:04+00:00",
            "Maximum": 24.88085069014793,
            "Unit": "Percent"
        },
        {
            "Timestamp": "2021-01-18T17:24:34+00:00",
            "Maximum": 24.87167000630673,
            "Unit": "Percent"
        },
        {
            "Timestamp": "2021-01-18T17:18:54+00:00",
            "Maximum": 24.850514517455274,
            "Unit": "Percent"
        },
        {
            "Timestamp": "2021-01-18T17:28:24+00:00",
            "Maximum": 24.878854889312887,
            "Unit": "Percent"
        },
        {
            "Timestamp": "2021-01-18T17:22:44+00:00",
            "Maximum": 24.855703599626388,
            "Unit": "Percent"
        },
        {
            "Timestamp": "2021-01-18T17:17:04+00:00",
            "Maximum": 24.86648092413562,
            "Unit": "Percent"
        },
        {
            "Timestamp": "2021-01-18T17:20:24+00:00",
            "Maximum": 24.868476724970662,
            "Unit": "Percent"
        },
        {
            "Timestamp": "2021-01-18T17:20:54+00:00",
            "Maximum": 24.86608176396861,
            "Unit": "Percent"
        },
        {
            "Timestamp": "2021-01-18T17:26:34+00:00",
            "Maximum": 24.86248932246553,
            "Unit": "Percent"
        },
        {
            "Timestamp": "2021-01-18T17:15:14+00:00",
            "Maximum": 24.88045152998092,
            "Unit": "Percent"
        },
        {
            "Timestamp": "2021-01-18T17:28:04+00:00",
            "Maximum": 24.88045152998092,
            "Unit": "Percent"
        },
        {
            "Timestamp": "2021-01-18T17:22:24+00:00",
            "Maximum": 24.858098560628438,
            "Unit": "Percent"
        },
        {
            "Timestamp": "2021-01-18T17:16:44+00:00",
            "Maximum": 24.867279244469636,
            "Unit": "Percent"
        },
        {
            "Timestamp": "2021-01-18T17:28:34+00:00",
            "Maximum": 24.87805656897887,
            "Unit": "Percent"
        },
        {
            "Timestamp": "2021-01-18T17:22:54+00:00",
            "Maximum": 24.855304439459378,
            "Unit": "Percent"
        },
        {
            "Timestamp": "2021-01-18T17:17:14+00:00",
            "Maximum": 24.862090162298525,
            "Unit": "Percent"
        },
        {
            "Timestamp": "2021-01-18T17:24:24+00:00",
            "Maximum": 24.87246832664075,
            "Unit": "Percent"
        },
        {
            "Timestamp": "2021-01-18T17:18:44+00:00",
            "Maximum": 24.85131283778929,
            "Unit": "Percent"
        },
        {
            "Timestamp": "2021-01-18T17:24:54+00:00",
            "Maximum": 24.86967420547169,
            "Unit": "Percent"
        },
        {
            "Timestamp": "2021-01-18T17:16:24+00:00",
            "Maximum": 24.925556628852892,
            "Unit": "Percent"
        },
        {
            "Timestamp": "2021-01-18T17:25:54+00:00",
            "Maximum": 24.865283443634592,
            "Unit": "Percent"
        },
        {
            "Timestamp": "2021-01-18T17:28:44+00:00",
            "Maximum": 24.87765740881186,
            "Unit": "Percent"
        },
        {
            "Timestamp": "2021-01-18T17:17:24+00:00",
            "Maximum": 24.86129184196451,
            "Unit": "Percent"
        },
        {
            "Timestamp": "2021-01-18T17:26:54+00:00",
            "Maximum": 24.860493521630488,
            "Unit": "Percent"
        },
        {
            "Timestamp": "2021-01-18T17:29:44+00:00",
            "Maximum": 24.87246832664075,
            "Unit": "Percent"
        },
        {
            "Timestamp": "2021-01-18T17:18:24+00:00",
            "Maximum": 24.856102759793394,
            "Unit": "Percent"
        },
        {
            "Timestamp": "2021-01-18T17:15:34+00:00",
            "Maximum": 24.90400197983443,
            "Unit": "Percent"
        },
        {
            "Timestamp": "2021-01-18T17:27:54+00:00",
            "Maximum": 24.881249850314937,
            "Unit": "Percent"
        },
        {
            "Timestamp": "2021-01-18T17:19:24+00:00",
            "Maximum": 24.873266646974766,
            "Unit": "Percent"
        },
        {
            "Timestamp": "2021-01-18T17:16:34+00:00",
            "Maximum": 25.00738446308966,
            "Unit": "Percent"
        },
        {
            "Timestamp": "2021-01-18T17:28:54+00:00",
            "Maximum": 24.876060768143827,
            "Unit": "Percent"
        },
        {
            "Timestamp": "2021-01-18T17:17:34+00:00",
            "Maximum": 24.86129184196451,
            "Unit": "Percent"
        },
        {
            "Timestamp": "2021-01-18T17:23:44+00:00",
            "Maximum": 24.850913677622284,
            "Unit": "Percent"
        },
        {
            "Timestamp": "2021-01-18T17:29:54+00:00",
            "Maximum": 24.87206916647374,
            "Unit": "Percent"
        },
        {
            "Timestamp": "2021-01-18T17:18:34+00:00",
            "Maximum": 24.855703599626388,
            "Unit": "Percent"
        },
        {
            "Timestamp": "2021-01-18T17:24:44+00:00",
            "Maximum": 24.870472525805706,
            "Unit": "Percent"
        },
        {
            "Timestamp": "2021-01-18T17:19:34+00:00",
            "Maximum": 24.872867486807756,
            "Unit": "Percent"
        },
        {
            "Timestamp": "2021-01-18T17:25:44+00:00",
            "Maximum": 24.865682603801602,
            "Unit": "Percent"
        },
        {
            "Timestamp": "2021-01-18T17:20:34+00:00",
            "Maximum": 24.867678404636646,
            "Unit": "Percent"
        },
        {
            "Timestamp": "2021-01-18T17:26:44+00:00",
            "Maximum": 24.862090162298525,
            "Unit": "Percent"
        },
        {
            "Timestamp": "2021-01-18T17:15:24+00:00",
            "Maximum": 24.904800300168446,
            "Unit": "Percent"
        },
        {
            "Timestamp": "2021-01-18T17:21:34+00:00",
            "Maximum": 24.862888482632542,
            "Unit": "Percent"
        },
        {
            "Timestamp": "2021-01-18T17:27:44+00:00",
            "Maximum": 24.884043971483997,
            "Unit": "Percent"
        },
        {
            "Timestamp": "2021-01-18T17:25:24+00:00",
            "Maximum": 24.867678404636646,
            "Unit": "Percent"
        },
        {
            "Timestamp": "2021-01-18T17:19:44+00:00",
            "Maximum": 24.87167000630673,
            "Unit": "Percent"
        },
        {
            "Timestamp": "2021-01-18T17:29:14+00:00",
            "Maximum": 24.874064967308783,
            "Unit": "Percent"
        },
        {
            "Timestamp": "2021-01-18T17:23:34+00:00",
            "Maximum": 24.852510318290317,
            "Unit": "Percent"
        },
        {
            "Timestamp": "2021-01-18T17:17:54+00:00",
            "Maximum": 24.85969520129647,
            "Unit": "Percent"
        },
        {
            "Timestamp": "2021-01-18T17:27:24+00:00",
            "Maximum": 24.89162801465716,
            "Unit": "Percent"
        },
        {
            "Timestamp": "2021-01-18T17:16:04+00:00",
            "Maximum": 24.92675410935392,
            "Unit": "Percent"
        },
        {
            "Timestamp": "2021-01-18T17:21:44+00:00",
            "Maximum": 24.8608926817975,
            "Unit": "Percent"
        },
        {
            "Timestamp": "2021-01-18T17:25:34+00:00",
            "Maximum": 24.867279244469636,
            "Unit": "Percent"
        },
        {
            "Timestamp": "2021-01-18T17:19:54+00:00",
            "Maximum": 24.870871685972713,
            "Unit": "Percent"
        },
        {
            "Timestamp": "2021-01-18T17:27:04+00:00",
            "Maximum": 24.86009436146348,
            "Unit": "Percent"
        },
        {
            "Timestamp": "2021-01-18T17:21:24+00:00",
            "Maximum": 24.86368680296656,
            "Unit": "Percent"
        },
        {
            "Timestamp": "2021-01-18T17:15:44+00:00",
            "Maximum": 24.928350750021952,
            "Unit": "Percent"
        },
        {
            "Timestamp": "2021-01-18T17:27:34+00:00",
            "Maximum": 24.858098560628438,
            "Unit": "Percent"
        },
        {
            "Timestamp": "2021-01-18T17:21:54+00:00",
            "Maximum": 24.86009436146348,
            "Unit": "Percent"
        },
        {
            "Timestamp": "2021-01-18T17:16:14+00:00",
            "Maximum": 24.925955789019902,
            "Unit": "Percent"
        },
        {
            "Timestamp": "2021-01-18T17:23:24+00:00",
            "Maximum": 24.852510318290317,
            "Unit": "Percent"
        },
        {
            "Timestamp": "2021-01-18T17:29:04+00:00",
            "Maximum": 24.875661607976816,
            "Unit": "Percent"
        },
        {
            "Timestamp": "2021-01-18T17:17:44+00:00",
            "Maximum": 24.86248932246553,
            "Unit": "Percent"
        },
        {
            "Timestamp": "2021-01-18T17:29:34+00:00",
            "Maximum": 24.873665807141773,
            "Unit": "Percent"
        },
        {
            "Timestamp": "2021-01-18T17:23:54+00:00",
            "Maximum": 24.850514517455274,
            "Unit": "Percent"
        },
        {
            "Timestamp": "2021-01-18T17:18:14+00:00",
            "Maximum": 24.856501919960404,
            "Unit": "Percent"
        },
        {
            "Timestamp": "2021-01-18T17:22:04+00:00",
            "Maximum": 24.86009436146348,
            "Unit": "Percent"
        },
        {
            "Timestamp": "2021-01-18T17:19:14+00:00",
            "Maximum": 24.874064967308783,
            "Unit": "Percent"
        },
        {
            "Timestamp": "2021-01-18T17:20:14+00:00",
            "Maximum": 24.86887588513767,
            "Unit": "Percent"
        },
        {
            "Timestamp": "2021-01-18T17:23:04+00:00",
            "Maximum": 24.85450611912536,
            "Unit": "Percent"
        },
        {
            "Timestamp": "2021-01-18T17:21:14+00:00",
            "Maximum": 24.86408596313357,
            "Unit": "Percent"
        },
        {
            "Timestamp": "2021-01-18T17:24:04+00:00",
            "Maximum": 24.849716197121257,
            "Unit": "Percent"
        },
        {
            "Timestamp": "2021-01-18T17:25:04+00:00",
            "Maximum": 24.86927504530468,
            "Unit": "Percent"
        },
        {
            "Timestamp": "2021-01-18T17:22:14+00:00",
            "Maximum": 24.858896880962455,
            "Unit": "Percent"
        },
        {
            "Timestamp": "2021-01-18T17:23:14+00:00",
            "Maximum": 24.853308638624334,
            "Unit": "Percent"
        },
        {
            "Timestamp": "2021-01-18T17:26:04+00:00",
            "Maximum": 24.864485123300575,
            "Unit": "Percent"
        },
        {
            "Timestamp": "2021-01-18T17:29:24+00:00",
            "Maximum": 24.874064967308783,
            "Unit": "Percent"
        },
        {
            "Timestamp": "2021-01-18T17:18:04+00:00",
            "Maximum": 24.858098560628438,
            "Unit": "Percent"
        },
        {
            "Timestamp": "2021-01-18T17:24:14+00:00",
            "Maximum": 24.872867486807756,
            "Unit": "Percent"
        },
        {
            "Timestamp": "2021-01-18T17:19:04+00:00",
            "Maximum": 24.850115357288267,
            "Unit": "Percent"
        },
        {
            "Timestamp": "2021-01-18T17:25:14+00:00",
            "Maximum": 24.867678404636646,
            "Unit": "Percent"
        },
        {
            "Timestamp": "2021-01-18T17:20:04+00:00",
            "Maximum": 24.870073365638696,
            "Unit": "Percent"
        },
        {
            "Timestamp": "2021-01-18T17:26:14+00:00",
            "Maximum": 24.86328764279955,
            "Unit": "Percent"
        },
        {
            "Timestamp": "2021-01-18T17:21:04+00:00",
            "Maximum": 24.865682603801602,
            "Unit": "Percent"
        },
        {
            "Timestamp": "2021-01-18T17:27:14+00:00",
            "Maximum": 24.86009436146348,
            "Unit": "Percent"
        },
        {
            "Timestamp": "2021-01-18T17:15:54+00:00",
            "Maximum": 24.92715326952093,
            "Unit": "Percent"
        }
    ]
}
