{
    "Label": "mem_used_percent",
    "Datapoints": [
        {
            "Timestamp": "2021-01-18T16:40:54+00:00",
            "Maximum": 24.827762387935785,
            "Unit": "Percent"
        },
        {
            "Timestamp": "2021-01-18T16:35:14+00:00",
            "Maximum": 24.823371626098687,
            "Unit": "Percent"
        },
        {
            "Timestamp": "2021-01-18T16:44:44+00:00",
            "Maximum": 24.848119556453224,
            "Unit": "Percent"
        },
        {
            "Timestamp": "2021-01-18T16:33:24+00:00",
            "Maximum": 24.781858968729793,
            "Unit": "Percent"
        },
        {
            "Timestamp": "2021-01-18T16:39:04+00:00",
            "Maximum": 24.820976665096637,
            "Unit": "Percent"
        },
        {
            "Timestamp": "2021-01-18T16:42:54+00:00",
            "Maximum": 24.83175398960587,
            "Unit": "Percent"
        },
        {
            "Timestamp": "2021-01-18T16:31:34+00:00",
            "Maximum": 24.91797258567973,
            "Unit": "Percent"
        },
        {
            "Timestamp": "2021-01-18T16:37:14+00:00",
            "Maximum": 24.8285607082698,
            "Unit": "Percent"
        },
        {
            "Timestamp": "2021-01-18T16:41:04+00:00",
            "Maximum": 24.80620773891732,
            "Unit": "Percent"
        },
        {
            "Timestamp": "2021-01-18T16:35:24+00:00",
            "Maximum": 24.873266646974766,
            "Unit": "Percent"
        },
        {
            "Timestamp": "2021-01-18T16:44:54+00:00",
            "Maximum": 24.818581704094584,
            "Unit": "Percent"
        },
        {
            "Timestamp": "2021-01-18T16:39:14+00:00",
            "Maximum": 24.81977918459561,
            "Unit": "Percent"
        },
        {
            "Timestamp": "2021-01-18T16:33:34+00:00",
            "Maximum": 24.781858968729793,
            "Unit": "Percent"
        },
        {
            "Timestamp": "2021-01-18T16:40:44+00:00",
            "Maximum": 24.812993461756463,
            "Unit": "Percent"
        },
        {
            "Timestamp": "2021-01-18T16:35:04+00:00",
            "Maximum": 24.794632094074068,
            "Unit": "Percent"
        },
        {
            "Timestamp": "2021-01-18T16:41:14+00:00",
            "Maximum": 24.966270965887773,
            "Unit": "Percent"
        },
        {
            "Timestamp": "2021-01-18T16:35:34+00:00",
            "Maximum": 24.896817096828272,
            "Unit": "Percent"
        },
        {
            "Timestamp": "2021-01-18T16:42:44+00:00",
            "Maximum": 24.833350630273905,
            "Unit": "Percent"
        },
        {
            "Timestamp": "2021-01-18T16:31:24+00:00",
            "Maximum": 24.839737192946043,
            "Unit": "Percent"
        },
        {
            "Timestamp": "2021-01-18T16:37:04+00:00",
            "Maximum": 24.828959868436808,
            "Unit": "Percent"
        },
        {
            "Timestamp": "2021-01-18T16:43:14+00:00",
            "Maximum": 24.856102759793394,
            "Unit": "Percent"
        },
        {
            "Timestamp": "2021-01-18T16:37:34+00:00",
            "Maximum": 24.826564907434758,
            "Unit": "Percent"
        },
        {
            "Timestamp": "2021-01-18T16:38:34+00:00",
            "Maximum": 24.822174145597664,
            "Unit": "Percent"
        },
        {
            "Timestamp": "2021-01-18T16:41:24+00:00",
            "Maximum": 24.832552309939885,
            "Unit": "Percent"
        },
        {
            "Timestamp": "2021-01-18T16:30:04+00:00",
            "Maximum": 24.816186743092533,
            "Unit": "Percent"
        },
        {
            "Timestamp": "2021-01-18T16:42:24+00:00",
            "Maximum": 24.826564907434758,
            "Unit": "Percent"
        },
        {
            "Timestamp": "2021-01-18T16:39:34+00:00",
            "Maximum": 24.818980864261594,
            "Unit": "Percent"
        },
        {
            "Timestamp": "2021-01-18T16:31:04+00:00",
            "Maximum": 24.84053551328006,
            "Unit": "Percent"
        },
        {
            "Timestamp": "2021-01-18T16:40:34+00:00",
            "Maximum": 24.81419094225749,
            "Unit": "Percent"
        },
        {
            "Timestamp": "2021-01-18T16:43:24+00:00",
            "Maximum": 24.854905279292367,
            "Unit": "Percent"
        },
        {
            "Timestamp": "2021-01-18T16:32:04+00:00",
            "Maximum": 24.784253929731843,
            "Unit": "Percent"
        },
        {
            "Timestamp": "2021-01-18T16:44:24+00:00",
            "Maximum": 24.84891787678724,
            "Unit": "Percent"
        },
        {
            "Timestamp": "2021-01-18T16:41:34+00:00",
            "Maximum": 24.830556509104845,
            "Unit": "Percent"
        },
        {
            "Timestamp": "2021-01-18T16:33:04+00:00",
            "Maximum": 24.78265728906381,
            "Unit": "Percent"
        },
        {
            "Timestamp": "2021-01-18T16:30:14+00:00",
            "Maximum": 24.841333833614076,
            "Unit": "Percent"
        },
        {
            "Timestamp": "2021-01-18T16:36:24+00:00",
            "Maximum": 24.841732993781086,
            "Unit": "Percent"
        },
        {
            "Timestamp": "2021-01-18T16:42:34+00:00",
            "Maximum": 24.826564907434758,
            "Unit": "Percent"
        },
        {
            "Timestamp": "2021-01-18T16:31:14+00:00",
            "Maximum": 24.839737192946043,
            "Unit": "Percent"
        },
        {
            "Timestamp": "2021-01-18T16:37:24+00:00",
            "Maximum": 24.82816154810279,
            "Unit": "Percent"
        },
        {
            "Timestamp": "2021-01-18T16:43:34+00:00",
            "Maximum": 24.879653209646904,
            "Unit": "Percent"
        },
        {
            "Timestamp": "2021-01-18T16:32:14+00:00",
            "Maximum": 24.783455609397826,
            "Unit": "Percent"
        },
        {
            "Timestamp": "2021-01-18T16:38:24+00:00",
            "Maximum": 24.823371626098687,
            "Unit": "Percent"
        },
        {
            "Timestamp": "2021-01-18T16:44:34+00:00",
            "Maximum": 24.84851871662023,
            "Unit": "Percent"
        },
        {
            "Timestamp": "2021-01-18T16:33:14+00:00",
            "Maximum": 24.78265728906381,
            "Unit": "Percent"
        },
        {
            "Timestamp": "2021-01-18T16:39:24+00:00",
            "Maximum": 24.819380024428604,
            "Unit": "Percent"
        },
        {
            "Timestamp": "2021-01-18T16:34:14+00:00",
            "Maximum": 24.839338032779033,
            "Unit": "Percent"
        },
        {
            "Timestamp": "2021-01-18T16:40:24+00:00",
            "Maximum": 24.814989262591507,
            "Unit": "Percent"
        },
        {
            "Timestamp": "2021-01-18T16:43:44+00:00",
            "Maximum": 24.853707798791344,
            "Unit": "Percent"
        },
        {
            "Timestamp": "2021-01-18T16:38:04+00:00",
            "Maximum": 24.824169946432704,
            "Unit": "Percent"
        },
        {
            "Timestamp": "2021-01-18T16:32:24+00:00",
            "Maximum": 24.783455609397826,
            "Unit": "Percent"
        },
        {
            "Timestamp": "2021-01-18T16:41:54+00:00",
            "Maximum": 24.829758188770825,
            "Unit": "Percent"
        },
        {
            "Timestamp": "2021-01-18T16:36:14+00:00",
            "Maximum": 24.84332963444912,
            "Unit": "Percent"
        },
        {
            "Timestamp": "2021-01-18T16:30:34+00:00",
            "Maximum": 24.84053551328006,
            "Unit": "Percent"
        },
        {
            "Timestamp": "2021-01-18T16:40:04+00:00",
            "Maximum": 24.816186743092533,
            "Unit": "Percent"
        },
        {
            "Timestamp": "2021-01-18T16:34:24+00:00",
            "Maximum": 24.801417816913215,
            "Unit": "Percent"
        },
        {
            "Timestamp": "2021-01-18T16:38:14+00:00",
            "Maximum": 24.823770786265698,
            "Unit": "Percent"
        },
        {
            "Timestamp": "2021-01-18T16:43:54+00:00",
            "Maximum": 24.8517119979563,
            "Unit": "Percent"
        },
        {
            "Timestamp": "2021-01-18T16:32:34+00:00",
            "Maximum": 24.783455609397826,
            "Unit": "Percent"
        },
        {
            "Timestamp": "2021-01-18T16:39:44+00:00",
            "Maximum": 24.81738422359356,
            "Unit": "Percent"
        },
        {
            "Timestamp": "2021-01-18T16:34:04+00:00",
            "Maximum": 24.839338032779033,
            "Unit": "Percent"
        },
        {
            "Timestamp": "2021-01-18T16:34:34+00:00",
            "Maximum": 24.82576658710074,
            "Unit": "Percent"
        },
        {
            "Timestamp": "2021-01-18T16:40:14+00:00",
            "Maximum": 24.814989262591507,
            "Unit": "Percent"
        },
        {
            "Timestamp": "2021-01-18T16:41:44+00:00",
            "Maximum": 24.830157348937835,
            "Unit": "Percent"
        },
        {
            "Timestamp": "2021-01-18T16:36:04+00:00",
            "Maximum": 24.844527114950147,
            "Unit": "Percent"
        },
        {
            "Timestamp": "2021-01-18T16:30:24+00:00",
            "Maximum": 24.841333833614076,
            "Unit": "Percent"
        },
        {
            "Timestamp": "2021-01-18T16:42:14+00:00",
            "Maximum": 24.827363227768775,
            "Unit": "Percent"
        },
        {
            "Timestamp": "2021-01-18T16:30:54+00:00",
            "Maximum": 24.84053551328006,
            "Unit": "Percent"
        },
        {
            "Timestamp": "2021-01-18T16:36:34+00:00",
            "Maximum": 24.86408596313357,
            "Unit": "Percent"
        },
        {
            "Timestamp": "2021-01-18T16:31:54+00:00",
            "Maximum": 24.787447211067914,
            "Unit": "Percent"
        },
        {
            "Timestamp": "2021-01-18T16:34:44+00:00",
            "Maximum": 24.850514517455274,
            "Unit": "Percent"
        },
        {
            "Timestamp": "2021-01-18T16:44:14+00:00",
            "Maximum": 24.850115357288267,
            "Unit": "Percent"
        },
        {
            "Timestamp": "2021-01-18T16:35:44+00:00",
            "Maximum": 24.846522915785187,
            "Unit": "Percent"
        },
        {
            "Timestamp": "2021-01-18T16:32:54+00:00",
            "Maximum": 24.78265728906381,
            "Unit": "Percent"
        },
        {
            "Timestamp": "2021-01-18T16:33:54+00:00",
            "Maximum": 24.81179598125544,
            "Unit": "Percent"
        },
        {
            "Timestamp": "2021-01-18T16:36:44+00:00",
            "Maximum": 24.830556509104845,
            "Unit": "Percent"
        },
        {
            "Timestamp": "2021-01-18T16:34:54+00:00",
            "Maximum": 24.824569106599714,
            "Unit": "Percent"
        },
        {
            "Timestamp": "2021-01-18T16:37:44+00:00",
            "Maximum": 24.826165747267748,
            "Unit": "Percent"
        },
        {
            "Timestamp": "2021-01-18T16:35:54+00:00",
            "Maximum": 24.844926275117153,
            "Unit": "Percent"
        },
        {
            "Timestamp": "2021-01-18T16:38:44+00:00",
            "Maximum": 24.821375825263644,
            "Unit": "Percent"
        },
        {
            "Timestamp": "2021-01-18T16:42:04+00:00",
            "Maximum": 24.827762387935785,
            "Unit": "Percent"
        },
        {
            "Timestamp": "2021-01-18T16:30:44+00:00",
            "Maximum": 24.84053551328006,
            "Unit": "Percent"
        },
        {
            "Timestamp": "2021-01-18T16:36:54+00:00",
            "Maximum": 24.830157348937835,
            "Unit": "Percent"
        },
        {
            "Timestamp": "2021-01-18T16:43:04+00:00",
            "Maximum": 24.83175398960587,
            "Unit": "Percent"
        },
        {
            "Timestamp": "2021-01-18T16:31:44+00:00",
            "Maximum": 24.787447211067914,
            "Unit": "Percent"
        },
        {
            "Timestamp": "2021-01-18T16:37:54+00:00",
            "Maximum": 24.82536742693373,
            "Unit": "Percent"
        },
        {
            "Timestamp": "2021-01-18T16:44:04+00:00",
            "Maximum": 24.850913677622284,
            "Unit": "Percent"
        },
        {
            "Timestamp": "2021-01-18T16:32:44+00:00",
            "Maximum": 24.78265728906381,
            "Unit": "Percent"
        },
        {
            "Timestamp": "2021-01-18T16:38:54+00:00",
            "Maximum": 24.820976665096637,
            "Unit": "Percent"
        },
        {
            "Timestamp": "2021-01-18T16:33:44+00:00",
            "Maximum": 24.781858968729793,
            "Unit": "Percent"
        },
        {
            "Timestamp": "2021-01-18T16:39:54+00:00",
            "Maximum": 24.81698506342655,
            "Unit": "Percent"
        }
    ]
}
