{
    "Label": "mem_used_percent",
    "Datapoints": [
        {
            "Timestamp": "2021-01-18T17:15:35+00:00",
            "Maximum": 23.773181226699027,
            "Unit": "Percent"
        },
        {
            "Timestamp": "2021-01-18T17:25:05+00:00",
            "Maximum": 23.729672768495085,
            "Unit": "Percent"
        },
        {
            "Timestamp": "2021-01-18T17:19:25+00:00",
            "Maximum": 23.754819859016628,
            "Unit": "Percent"
        },
        {
            "Timestamp": "2021-01-18T17:28:55+00:00",
            "Maximum": 23.81988296623903,
            "Unit": "Percent"
        },
        {
            "Timestamp": "2021-01-18T17:23:15+00:00",
            "Maximum": 23.738853452336283,
            "Unit": "Percent"
        },
        {
            "Timestamp": "2021-01-18T17:19:15+00:00",
            "Maximum": 23.755618179350645,
            "Unit": "Percent"
        },
        {
            "Timestamp": "2021-01-18T17:28:45+00:00",
            "Maximum": 23.820681286573052,
            "Unit": "Percent"
        },
        {
            "Timestamp": "2021-01-18T17:23:05+00:00",
            "Maximum": 23.739651772670303,
            "Unit": "Percent"
        },
        {
            "Timestamp": "2021-01-18T17:17:25+00:00",
            "Maximum": 23.765198023358852,
            "Unit": "Percent"
        },
        {
            "Timestamp": "2021-01-18T17:21:15+00:00",
            "Maximum": 23.747634976010474,
            "Unit": "Percent"
        },
        {
            "Timestamp": "2021-01-18T17:26:55+00:00",
            "Maximum": 23.829063650080233,
            "Unit": "Percent"
        },
        {
            "Timestamp": "2021-01-18T17:26:45+00:00",
            "Maximum": 23.82986197041425,
            "Unit": "Percent"
        },
        {
            "Timestamp": "2021-01-18T17:21:05+00:00",
            "Maximum": 23.748034136177484,
            "Unit": "Percent"
        },
        {
            "Timestamp": "2021-01-18T17:15:25+00:00",
            "Maximum": 23.773580386866033,
            "Unit": "Percent"
        },
        {
            "Timestamp": "2021-01-18T17:27:15+00:00",
            "Maximum": 23.827467009412196,
            "Unit": "Percent"
        },
        {
            "Timestamp": "2021-01-18T17:21:35+00:00",
            "Maximum": 23.74603833534244,
            "Unit": "Percent"
        },
        {
            "Timestamp": "2021-01-18T17:15:55+00:00",
            "Maximum": 23.77158458603099,
            "Unit": "Percent"
        },
        {
            "Timestamp": "2021-01-18T17:17:35+00:00",
            "Maximum": 23.764399703024836,
            "Unit": "Percent"
        },
        {
            "Timestamp": "2021-01-18T17:24:45+00:00",
            "Maximum": 23.731269409163122,
            "Unit": "Percent"
        },
        {
            "Timestamp": "2021-01-18T17:19:05+00:00",
            "Maximum": 23.75681565985167,
            "Unit": "Percent"
        },
        {
            "Timestamp": "2021-01-18T17:25:15+00:00",
            "Maximum": 23.72887444816107,
            "Unit": "Percent"
        },
        {
            "Timestamp": "2021-01-18T17:19:35+00:00",
            "Maximum": 23.754819859016628,
            "Unit": "Percent"
        },
        {
            "Timestamp": "2021-01-18T17:21:45+00:00",
            "Maximum": 23.744840854841414,
            "Unit": "Percent"
        },
        {
            "Timestamp": "2021-01-18T17:18:55+00:00",
            "Maximum": 23.75721482001868,
            "Unit": "Percent"
        },
        {
            "Timestamp": "2021-01-18T17:19:55+00:00",
            "Maximum": 23.752824058181584,
            "Unit": "Percent"
        },
        {
            "Timestamp": "2021-01-18T17:22:45+00:00",
            "Maximum": 23.740849253171326,
            "Unit": "Percent"
        },
        {
            "Timestamp": "2021-01-18T17:28:15+00:00",
            "Maximum": 23.822677087408092,
            "Unit": "Percent"
        },
        {
            "Timestamp": "2021-01-18T17:19:45+00:00",
            "Maximum": 23.75402153868261,
            "Unit": "Percent"
        },
        {
            "Timestamp": "2021-01-18T17:16:55+00:00",
            "Maximum": 23.767193824193896,
            "Unit": "Percent"
        },
        {
            "Timestamp": "2021-01-18T17:29:15+00:00",
            "Maximum": 23.81748800523698,
            "Unit": "Percent"
        },
        {
            "Timestamp": "2021-01-18T17:17:55+00:00",
            "Maximum": 23.762403902189792,
            "Unit": "Percent"
        },
        {
            "Timestamp": "2021-01-18T17:20:45+00:00",
            "Maximum": 23.750029937012524,
            "Unit": "Percent"
        },
        {
            "Timestamp": "2021-01-18T17:22:55+00:00",
            "Maximum": 23.739651772670303,
            "Unit": "Percent"
        },
        {
            "Timestamp": "2021-01-18T17:29:05+00:00",
            "Maximum": 23.818286325571,
            "Unit": "Percent"
        },
        {
            "Timestamp": "2021-01-18T17:17:45+00:00",
            "Maximum": 23.764000542857826,
            "Unit": "Percent"
        },
        {
            "Timestamp": "2021-01-18T17:23:55+00:00",
            "Maximum": 23.735660171000216,
            "Unit": "Percent"
        },
        {
            "Timestamp": "2021-01-18T17:18:45+00:00",
            "Maximum": 23.759210620853725,
            "Unit": "Percent"
        },
        {
            "Timestamp": "2021-01-18T17:24:55+00:00",
            "Maximum": 23.730071928662095,
            "Unit": "Percent"
        },
        {
            "Timestamp": "2021-01-18T17:20:55+00:00",
            "Maximum": 23.7488324565115,
            "Unit": "Percent"
        },
        {
            "Timestamp": "2021-01-18T17:27:05+00:00",
            "Maximum": 23.827866169579206,
            "Unit": "Percent"
        },
        {
            "Timestamp": "2021-01-18T17:15:45+00:00",
            "Maximum": 23.772782066532017,
            "Unit": "Percent"
        },
        {
            "Timestamp": "2021-01-18T17:21:55+00:00",
            "Maximum": 23.744042534507397,
            "Unit": "Percent"
        },
        {
            "Timestamp": "2021-01-18T17:28:05+00:00",
            "Maximum": 23.822677087408092,
            "Unit": "Percent"
        },
        {
            "Timestamp": "2021-01-18T17:16:45+00:00",
            "Maximum": 23.768391304694923,
            "Unit": "Percent"
        },
        {
            "Timestamp": "2021-01-18T17:18:25+00:00",
            "Maximum": 23.76040810135475,
            "Unit": "Percent"
        },
        {
            "Timestamp": "2021-01-18T17:27:55+00:00",
            "Maximum": 23.823076247575102,
            "Unit": "Percent"
        },
        {
            "Timestamp": "2021-01-18T17:22:15+00:00",
            "Maximum": 23.742046733672353,
            "Unit": "Percent"
        },
        {
            "Timestamp": "2021-01-18T17:16:35+00:00",
            "Maximum": 23.76918962502894,
            "Unit": "Percent"
        },
        {
            "Timestamp": "2021-01-18T17:26:05+00:00",
            "Maximum": 23.758412300519705,
            "Unit": "Percent"
        },
        {
            "Timestamp": "2021-01-18T17:20:25+00:00",
            "Maximum": 23.750828257346544,
            "Unit": "Percent"
        },
        {
            "Timestamp": "2021-01-18T17:16:25+00:00",
            "Maximum": 23.769588785195946,
            "Unit": "Percent"
        },
        {
            "Timestamp": "2021-01-18T17:22:05+00:00",
            "Maximum": 23.743643374340387,
            "Unit": "Percent"
        },
        {
            "Timestamp": "2021-01-18T17:25:55+00:00",
            "Maximum": 23.733265209998162,
            "Unit": "Percent"
        },
        {
            "Timestamp": "2021-01-18T17:20:15+00:00",
            "Maximum": 23.752025737847568,
            "Unit": "Percent"
        },
        {
            "Timestamp": "2021-01-18T17:29:45+00:00",
            "Maximum": 23.81509304423493,
            "Unit": "Percent"
        },
        {
            "Timestamp": "2021-01-18T17:24:05+00:00",
            "Maximum": 23.7348618506662,
            "Unit": "Percent"
        },
        {
            "Timestamp": "2021-01-18T17:25:45+00:00",
            "Maximum": 23.725681166825,
            "Unit": "Percent"
        },
        {
            "Timestamp": "2021-01-18T17:20:05+00:00",
            "Maximum": 23.752424898014578,
            "Unit": "Percent"
        },
        {
            "Timestamp": "2021-01-18T17:26:15+00:00",
            "Maximum": 23.75761398018569,
            "Unit": "Percent"
        },
        {
            "Timestamp": "2021-01-18T17:20:35+00:00",
            "Maximum": 23.750029937012524,
            "Unit": "Percent"
        },
        {
            "Timestamp": "2021-01-18T17:27:45+00:00",
            "Maximum": 23.824672888243136,
            "Unit": "Percent"
        },
        {
            "Timestamp": "2021-01-18T17:23:45+00:00",
            "Maximum": 23.736458491334233,
            "Unit": "Percent"
        },
        {
            "Timestamp": "2021-01-18T17:29:25+00:00",
            "Maximum": 23.81708884506997,
            "Unit": "Percent"
        },
        {
            "Timestamp": "2021-01-18T17:18:05+00:00",
            "Maximum": 23.762403902189792,
            "Unit": "Percent"
        },
        {
            "Timestamp": "2021-01-18T17:29:55+00:00",
            "Maximum": 23.81469388406792,
            "Unit": "Percent"
        },
        {
            "Timestamp": "2021-01-18T17:24:15+00:00",
            "Maximum": 23.73446269049919,
            "Unit": "Percent"
        },
        {
            "Timestamp": "2021-01-18T17:18:35+00:00",
            "Maximum": 23.759609781020732,
            "Unit": "Percent"
        },
        {
            "Timestamp": "2021-01-18T17:27:25+00:00",
            "Maximum": 23.825870368744162,
            "Unit": "Percent"
        },
        {
            "Timestamp": "2021-01-18T17:24:35+00:00",
            "Maximum": 23.73206772949714,
            "Unit": "Percent"
        },
        {
            "Timestamp": "2021-01-18T17:16:05+00:00",
            "Maximum": 23.771185425863983,
            "Unit": "Percent"
        },
        {
            "Timestamp": "2021-01-18T17:25:35+00:00",
            "Maximum": 23.72647948715902,
            "Unit": "Percent"
        },
        {
            "Timestamp": "2021-01-18T17:28:25+00:00",
            "Maximum": 23.82108044674006,
            "Unit": "Percent"
        },
        {
            "Timestamp": "2021-01-18T17:17:05+00:00",
            "Maximum": 23.76639550385988,
            "Unit": "Percent"
        },
        {
            "Timestamp": "2021-01-18T17:25:25+00:00",
            "Maximum": 23.726878647326025,
            "Unit": "Percent"
        },
        {
            "Timestamp": "2021-01-18T17:22:35+00:00",
            "Maximum": 23.741647573505343,
            "Unit": "Percent"
        },
        {
            "Timestamp": "2021-01-18T17:23:35+00:00",
            "Maximum": 23.736857651501243,
            "Unit": "Percent"
        },
        {
            "Timestamp": "2021-01-18T17:26:25+00:00",
            "Maximum": 23.831059450915273,
            "Unit": "Percent"
        },
        {
            "Timestamp": "2021-01-18T17:15:05+00:00",
            "Maximum": 23.775576187701077,
            "Unit": "Percent"
        },
        {
            "Timestamp": "2021-01-18T17:17:15+00:00",
            "Maximum": 23.76599634369287,
            "Unit": "Percent"
        },
        {
            "Timestamp": "2021-01-18T17:23:25+00:00",
            "Maximum": 23.73765597183526,
            "Unit": "Percent"
        },
        {
            "Timestamp": "2021-01-18T17:29:35+00:00",
            "Maximum": 23.815492204401938,
            "Unit": "Percent"
        },
        {
            "Timestamp": "2021-01-18T17:18:15+00:00",
            "Maximum": 23.761605581855775,
            "Unit": "Percent"
        },
        {
            "Timestamp": "2021-01-18T17:24:25+00:00",
            "Maximum": 23.732466889664146,
            "Unit": "Percent"
        },
        {
            "Timestamp": "2021-01-18T17:26:35+00:00",
            "Maximum": 23.830261130581256,
            "Unit": "Percent"
        },
        {
            "Timestamp": "2021-01-18T17:15:15+00:00",
            "Maximum": 23.775177027534067,
            "Unit": "Percent"
        },
        {
            "Timestamp": "2021-01-18T17:21:25+00:00",
            "Maximum": 23.74603833534244,
            "Unit": "Percent"
        },
        {
            "Timestamp": "2021-01-18T17:27:35+00:00",
            "Maximum": 23.825072048410146,
            "Unit": "Percent"
        },
        {
            "Timestamp": "2021-01-18T17:16:15+00:00",
            "Maximum": 23.770786265696973,
            "Unit": "Percent"
        },
        {
            "Timestamp": "2021-01-18T17:22:25+00:00",
            "Maximum": 23.742046733672353,
            "Unit": "Percent"
        },
        {
            "Timestamp": "2021-01-18T17:28:35+00:00",
            "Maximum": 23.820681286573052,
            "Unit": "Percent"
        }
    ]
}
