{
    "Label": "mem_used_percent",
    "Datapoints": [
        {
            "Timestamp": "2021-01-18T16:50:13+00:00",
            "Maximum": 23.51292879780941,
            "Unit": "Percent"
        },
        {
            "Timestamp": "2021-01-18T16:55:53+00:00",
            "Maximum": 23.510932996974365,
            "Unit": "Percent"
        },
        {
            "Timestamp": "2021-01-18T16:59:43+00:00",
            "Maximum": 23.493769109792996,
            "Unit": "Percent"
        },
        {
            "Timestamp": "2021-01-18T16:48:23+00:00",
            "Maximum": 23.520512840982573,
            "Unit": "Percent"
        },
        {
            "Timestamp": "2021-01-18T16:54:03+00:00",
            "Maximum": 23.519714520648556,
            "Unit": "Percent"
        },
        {
            "Timestamp": "2021-01-18T16:52:13+00:00",
            "Maximum": 23.558033896681383,
            "Unit": "Percent"
        },
        {
            "Timestamp": "2021-01-18T16:57:53+00:00",
            "Maximum": 23.501752313133167,
            "Unit": "Percent"
        },
        {
            "Timestamp": "2021-01-18T16:53:53+00:00",
            "Maximum": 23.519714520648556,
            "Unit": "Percent"
        },
        {
            "Timestamp": "2021-01-18T16:48:13+00:00",
            "Maximum": 23.522109481650606,
            "Unit": "Percent"
        },
        {
            "Timestamp": "2021-01-18T16:52:03+00:00",
            "Maximum": 23.55843305684839,
            "Unit": "Percent"
        },
        {
            "Timestamp": "2021-01-18T16:57:43+00:00",
            "Maximum": 23.5033489538012,
            "Unit": "Percent"
        },
        {
            "Timestamp": "2021-01-18T16:46:23+00:00",
            "Maximum": 23.50614307497026,
            "Unit": "Percent"
        },
        {
            "Timestamp": "2021-01-18T16:57:33+00:00",
            "Maximum": 23.50374811396821,
            "Unit": "Percent"
        },
        {
            "Timestamp": "2021-01-18T16:51:53+00:00",
            "Maximum": 23.5588322170154,
            "Unit": "Percent"
        },
        {
            "Timestamp": "2021-01-18T16:46:13+00:00",
            "Maximum": 23.507739715638298,
            "Unit": "Percent"
        },
        {
            "Timestamp": "2021-01-18T16:58:03+00:00",
            "Maximum": 23.501752313133167,
            "Unit": "Percent"
        },
        {
            "Timestamp": "2021-01-18T16:52:23+00:00",
            "Maximum": 23.556437256013346,
            "Unit": "Percent"
        },
        {
            "Timestamp": "2021-01-18T16:46:43+00:00",
            "Maximum": 23.505743914803254,
            "Unit": "Percent"
        },
        {
            "Timestamp": "2021-01-18T16:59:33+00:00",
            "Maximum": 23.494168269960003,
            "Unit": "Percent"
        },
        {
            "Timestamp": "2021-01-18T16:55:33+00:00",
            "Maximum": 23.51292879780941,
            "Unit": "Percent"
        },
        {
            "Timestamp": "2021-01-18T16:49:53+00:00",
            "Maximum": 23.514126278310435,
            "Unit": "Percent"
        },
        {
            "Timestamp": "2021-01-18T16:50:23+00:00",
            "Maximum": 23.511332157141375,
            "Unit": "Percent"
        },
        {
            "Timestamp": "2021-01-18T16:56:03+00:00",
            "Maximum": 23.510533836807358,
            "Unit": "Percent"
        },
        {
            "Timestamp": "2021-01-18T16:50:43+00:00",
            "Maximum": 23.510134676640348,
            "Unit": "Percent"
        },
        {
            "Timestamp": "2021-01-18T16:53:33+00:00",
            "Maximum": 23.522109481650606,
            "Unit": "Percent"
        },
        {
            "Timestamp": "2021-01-18T16:54:33+00:00",
            "Maximum": 23.516920399479496,
            "Unit": "Percent"
        },
        {
            "Timestamp": "2021-01-18T16:51:43+00:00",
            "Maximum": 23.53528176716189,
            "Unit": "Percent"
        },
        {
            "Timestamp": "2021-01-18T16:51:33+00:00",
            "Maximum": 23.5356809273289,
            "Unit": "Percent"
        },
        {
            "Timestamp": "2021-01-18T16:48:43+00:00",
            "Maximum": 23.519714520648556,
            "Unit": "Percent"
        },
        {
            "Timestamp": "2021-01-18T16:49:43+00:00",
            "Maximum": 23.515323758811462,
            "Unit": "Percent"
        },
        {
            "Timestamp": "2021-01-18T16:52:33+00:00",
            "Maximum": 23.55563893567933,
            "Unit": "Percent"
        },
        {
            "Timestamp": "2021-01-18T16:54:43+00:00",
            "Maximum": 23.516521239312485,
            "Unit": "Percent"
        },
        {
            "Timestamp": "2021-01-18T16:49:33+00:00",
            "Maximum": 23.51572291897847,
            "Unit": "Percent"
        },
        {
            "Timestamp": "2021-01-18T16:55:43+00:00",
            "Maximum": 23.512529637642402,
            "Unit": "Percent"
        },
        {
            "Timestamp": "2021-01-18T16:50:33+00:00",
            "Maximum": 23.510932996974365,
            "Unit": "Percent"
        },
        {
            "Timestamp": "2021-01-18T16:46:33+00:00",
            "Maximum": 23.50614307497026,
            "Unit": "Percent"
        },
        {
            "Timestamp": "2021-01-18T16:52:43+00:00",
            "Maximum": 23.55563893567933,
            "Unit": "Percent"
        },
        {
            "Timestamp": "2021-01-18T16:58:53+00:00",
            "Maximum": 23.497361551296073,
            "Unit": "Percent"
        },
        {
            "Timestamp": "2021-01-18T16:47:33+00:00",
            "Maximum": 23.526101083320693,
            "Unit": "Percent"
        },
        {
            "Timestamp": "2021-01-18T16:53:43+00:00",
            "Maximum": 23.522109481650606,
            "Unit": "Percent"
        },
        {
            "Timestamp": "2021-01-18T16:59:53+00:00",
            "Maximum": 23.49217246912496,
            "Unit": "Percent"
        },
        {
            "Timestamp": "2021-01-18T16:48:33+00:00",
            "Maximum": 23.519714520648556,
            "Unit": "Percent"
        },
        {
            "Timestamp": "2021-01-18T16:53:03+00:00",
            "Maximum": 23.553643134844286,
            "Unit": "Percent"
        },
        {
            "Timestamp": "2021-01-18T16:47:23+00:00",
            "Maximum": 23.52689940365471,
            "Unit": "Percent"
        },
        {
            "Timestamp": "2021-01-18T16:56:53+00:00",
            "Maximum": 23.50654223513727,
            "Unit": "Percent"
        },
        {
            "Timestamp": "2021-01-18T16:51:13+00:00",
            "Maximum": 23.508138875805304,
            "Unit": "Percent"
        },
        {
            "Timestamp": "2021-01-18T16:45:33+00:00",
            "Maximum": 23.510932996974365,
            "Unit": "Percent"
        },
        {
            "Timestamp": "2021-01-18T16:55:03+00:00",
            "Maximum": 23.514924598644452,
            "Unit": "Percent"
        },
        {
            "Timestamp": "2021-01-18T16:51:03+00:00",
            "Maximum": 23.508538035972315,
            "Unit": "Percent"
        },
        {
            "Timestamp": "2021-01-18T16:56:43+00:00",
            "Maximum": 23.507340555471288,
            "Unit": "Percent"
        },
        {
            "Timestamp": "2021-01-18T16:45:23+00:00",
            "Maximum": 23.511332157141375,
            "Unit": "Percent"
        },
        {
            "Timestamp": "2021-01-18T16:54:53+00:00",
            "Maximum": 23.51572291897847,
            "Unit": "Percent"
        },
        {
            "Timestamp": "2021-01-18T16:49:13+00:00",
            "Maximum": 23.517718719813512,
            "Unit": "Percent"
        },
        {
            "Timestamp": "2021-01-18T16:58:43+00:00",
            "Maximum": 23.4985590317971,
            "Unit": "Percent"
        },
        {
            "Timestamp": "2021-01-18T16:45:43+00:00",
            "Maximum": 23.510134676640348,
            "Unit": "Percent"
        },
        {
            "Timestamp": "2021-01-18T16:52:53+00:00",
            "Maximum": 23.554441455178306,
            "Unit": "Percent"
        },
        {
            "Timestamp": "2021-01-18T16:58:33+00:00",
            "Maximum": 23.498958191964107,
            "Unit": "Percent"
        },
        {
            "Timestamp": "2021-01-18T16:47:13+00:00",
            "Maximum": 23.528096884155737,
            "Unit": "Percent"
        },
        {
            "Timestamp": "2021-01-18T16:53:23+00:00",
            "Maximum": 23.523306962151633,
            "Unit": "Percent"
        },
        {
            "Timestamp": "2021-01-18T16:59:03+00:00",
            "Maximum": 23.496563230962057,
            "Unit": "Percent"
        },
        {
            "Timestamp": "2021-01-18T16:47:43+00:00",
            "Maximum": 23.52450444265266,
            "Unit": "Percent"
        },
        {
            "Timestamp": "2021-01-18T16:49:23+00:00",
            "Maximum": 23.51612207914548,
            "Unit": "Percent"
        },
        {
            "Timestamp": "2021-01-18T16:50:53+00:00",
            "Maximum": 23.50933635630633,
            "Unit": "Percent"
        },
        {
            "Timestamp": "2021-01-18T16:56:33+00:00",
            "Maximum": 23.508538035972315,
            "Unit": "Percent"
        },
        {
            "Timestamp": "2021-01-18T16:45:13+00:00",
            "Maximum": 23.51213047747539,
            "Unit": "Percent"
        },
        {
            "Timestamp": "2021-01-18T16:57:03+00:00",
            "Maximum": 23.505743914803254,
            "Unit": "Percent"
        },
        {
            "Timestamp": "2021-01-18T16:51:23+00:00",
            "Maximum": 23.536479247662918,
            "Unit": "Percent"
        },
        {
            "Timestamp": "2021-01-18T16:56:23+00:00",
            "Maximum": 23.508538035972315,
            "Unit": "Percent"
        },
        {
            "Timestamp": "2021-01-18T16:59:13+00:00",
            "Maximum": 23.496164070795047,
            "Unit": "Percent"
        },
        {
            "Timestamp": "2021-01-18T16:47:53+00:00",
            "Maximum": 23.523706122318643,
            "Unit": "Percent"
        },
        {
            "Timestamp": "2021-01-18T16:45:03+00:00",
            "Maximum": 23.51292879780941,
            "Unit": "Percent"
        },
        {
            "Timestamp": "2021-01-18T16:57:23+00:00",
            "Maximum": 23.504546434302227,
            "Unit": "Percent"
        },
        {
            "Timestamp": "2021-01-18T16:48:53+00:00",
            "Maximum": 23.51891620031454,
            "Unit": "Percent"
        },
        {
            "Timestamp": "2021-01-18T16:46:03+00:00",
            "Maximum": 23.508138875805304,
            "Unit": "Percent"
        },
        {
            "Timestamp": "2021-01-18T16:57:13+00:00",
            "Maximum": 23.505344754636244,
            "Unit": "Percent"
        },
        {
            "Timestamp": "2021-01-18T16:54:23+00:00",
            "Maximum": 23.517718719813512,
            "Unit": "Percent"
        },
        {
            "Timestamp": "2021-01-18T16:45:53+00:00",
            "Maximum": 23.50893719613932,
            "Unit": "Percent"
        },
        {
            "Timestamp": "2021-01-18T16:58:13+00:00",
            "Maximum": 23.50055483263214,
            "Unit": "Percent"
        },
        {
            "Timestamp": "2021-01-18T16:55:23+00:00",
            "Maximum": 23.513727118143425,
            "Unit": "Percent"
        },
        {
            "Timestamp": "2021-01-18T16:46:53+00:00",
            "Maximum": 23.50374811396821,
            "Unit": "Percent"
        },
        {
            "Timestamp": "2021-01-18T16:49:03+00:00",
            "Maximum": 23.518117879980522,
            "Unit": "Percent"
        },
        {
            "Timestamp": "2021-01-18T16:55:13+00:00",
            "Maximum": 23.514525438477442,
            "Unit": "Percent"
        },
        {
            "Timestamp": "2021-01-18T16:50:03+00:00",
            "Maximum": 23.513727118143425,
            "Unit": "Percent"
        },
        {
            "Timestamp": "2021-01-18T16:56:13+00:00",
            "Maximum": 23.50973551647334,
            "Unit": "Percent"
        },
        {
            "Timestamp": "2021-01-18T16:58:23+00:00",
            "Maximum": 23.499357352131117,
            "Unit": "Percent"
        },
        {
            "Timestamp": "2021-01-18T16:47:03+00:00",
            "Maximum": 23.528096884155737,
            "Unit": "Percent"
        },
        {
            "Timestamp": "2021-01-18T16:53:13+00:00",
            "Maximum": 23.55324397467728,
            "Unit": "Percent"
        },
        {
            "Timestamp": "2021-01-18T16:59:23+00:00",
            "Maximum": 23.494567430127013,
            "Unit": "Percent"
        },
        {
            "Timestamp": "2021-01-18T16:48:03+00:00",
            "Maximum": 23.522907801984623,
            "Unit": "Percent"
        },
        {
            "Timestamp": "2021-01-18T16:54:13+00:00",
            "Maximum": 23.51891620031454,
            "Unit": "Percent"
        }
    ]
}
