{
    "Label": "mem_used_percent",
    "Datapoints": [
        {
            "Timestamp": "2021-01-18T17:11:03+00:00",
            "Maximum": 23.539273368831978,
            "Unit": "Percent"
        },
        {
            "Timestamp": "2021-01-18T17:05:23+00:00",
            "Maximum": 23.467424538770427,
            "Unit": "Percent"
        },
        {
            "Timestamp": "2021-01-18T17:14:53+00:00",
            "Maximum": 23.54366413066907,
            "Unit": "Percent"
        },
        {
            "Timestamp": "2021-01-18T17:09:13+00:00",
            "Maximum": 23.44906317108803,
            "Unit": "Percent"
        },
        {
            "Timestamp": "2021-01-18T17:03:33+00:00",
            "Maximum": 23.475806902277608,
            "Unit": "Percent"
        },
        {
            "Timestamp": "2021-01-18T17:14:43+00:00",
            "Maximum": 23.54446245100309,
            "Unit": "Percent"
        },
        {
            "Timestamp": "2021-01-18T17:09:03+00:00",
            "Maximum": 23.449462331255038,
            "Unit": "Percent"
        },
        {
            "Timestamp": "2021-01-18T17:03:23+00:00",
            "Maximum": 23.47740354294564,
            "Unit": "Percent"
        },
        {
            "Timestamp": "2021-01-18T17:12:53+00:00",
            "Maximum": 23.52969352482377,
            "Unit": "Percent"
        },
        {
            "Timestamp": "2021-01-18T17:07:13+00:00",
            "Maximum": 23.45824385492923,
            "Unit": "Percent"
        },
        {
            "Timestamp": "2021-01-18T17:01:33+00:00",
            "Maximum": 23.484987586118805,
            "Unit": "Percent"
        },
        {
            "Timestamp": "2021-01-18T17:09:23+00:00",
            "Maximum": 23.473811101442564,
            "Unit": "Percent"
        },
        {
            "Timestamp": "2021-01-18T17:03:43+00:00",
            "Maximum": 23.475407742110598,
            "Unit": "Percent"
        },
        {
            "Timestamp": "2021-01-18T17:10:53+00:00",
            "Maximum": 23.652235696095417,
            "Unit": "Percent"
        },
        {
            "Timestamp": "2021-01-18T17:05:13+00:00",
            "Maximum": 23.467823698937437,
            "Unit": "Percent"
        },
        {
            "Timestamp": "2021-01-18T17:11:23+00:00",
            "Maximum": 23.536878407829924,
            "Unit": "Percent"
        },
        {
            "Timestamp": "2021-01-18T17:01:13+00:00",
            "Maximum": 23.48698338695385,
            "Unit": "Percent"
        },
        {
            "Timestamp": "2021-01-18T17:13:03+00:00",
            "Maximum": 23.529294364656764,
            "Unit": "Percent"
        },
        {
            "Timestamp": "2021-01-18T17:07:23+00:00",
            "Maximum": 23.457445534595212,
            "Unit": "Percent"
        },
        {
            "Timestamp": "2021-01-18T17:01:43+00:00",
            "Maximum": 23.4845884259518,
            "Unit": "Percent"
        },
        {
            "Timestamp": "2021-01-18T17:14:33+00:00",
            "Maximum": 23.555239775512323,
            "Unit": "Percent"
        },
        {
            "Timestamp": "2021-01-18T17:08:53+00:00",
            "Maximum": 23.451058971923075,
            "Unit": "Percent"
        },
        {
            "Timestamp": "2021-01-18T17:03:13+00:00",
            "Maximum": 23.47740354294564,
            "Unit": "Percent"
        },
        {
            "Timestamp": "2021-01-18T17:04:53+00:00",
            "Maximum": 23.46942033960547,
            "Unit": "Percent"
        },
        {
            "Timestamp": "2021-01-18T17:02:03+00:00",
            "Maximum": 23.48299178528376,
            "Unit": "Percent"
        },
        {
            "Timestamp": "2021-01-18T17:14:23+00:00",
            "Maximum": 23.522508641817616,
            "Unit": "Percent"
        },
        {
            "Timestamp": "2021-01-18T17:03:03+00:00",
            "Maximum": 23.47780270311265,
            "Unit": "Percent"
        },
        {
            "Timestamp": "2021-01-18T17:05:53+00:00",
            "Maximum": 23.464630417601366,
            "Unit": "Percent"
        },
        {
            "Timestamp": "2021-01-18T17:06:53+00:00",
            "Maximum": 23.460239655764273,
            "Unit": "Percent"
        },
        {
            "Timestamp": "2021-01-18T17:00:03+00:00",
            "Maximum": 23.49217246912496,
            "Unit": "Percent"
        },
        {
            "Timestamp": "2021-01-18T17:02:53+00:00",
            "Maximum": 23.478601023446668,
            "Unit": "Percent"
        },
        {
            "Timestamp": "2021-01-18T17:12:23+00:00",
            "Maximum": 23.531689325658814,
            "Unit": "Percent"
        },
        {
            "Timestamp": "2021-01-18T17:03:53+00:00",
            "Maximum": 23.473811101442564,
            "Unit": "Percent"
        },
        {
            "Timestamp": "2021-01-18T17:01:03+00:00",
            "Maximum": 23.487781707287866,
            "Unit": "Percent"
        },
        {
            "Timestamp": "2021-01-18T17:13:23+00:00",
            "Maximum": 23.527697723988727,
            "Unit": "Percent"
        },
        {
            "Timestamp": "2021-01-18T17:12:13+00:00",
            "Maximum": 23.53248764599283,
            "Unit": "Percent"
        },
        {
            "Timestamp": "2021-01-18T17:00:53+00:00",
            "Maximum": 23.487781707287866,
            "Unit": "Percent"
        },
        {
            "Timestamp": "2021-01-18T17:07:03+00:00",
            "Maximum": 23.45864301509624,
            "Unit": "Percent"
        },
        {
            "Timestamp": "2021-01-18T17:13:13+00:00",
            "Maximum": 23.527697723988727,
            "Unit": "Percent"
        },
        {
            "Timestamp": "2021-01-18T17:01:53+00:00",
            "Maximum": 23.48379010561778,
            "Unit": "Percent"
        },
        {
            "Timestamp": "2021-01-18T17:08:03+00:00",
            "Maximum": 23.453453932925125,
            "Unit": "Percent"
        },
        {
            "Timestamp": "2021-01-18T17:14:13+00:00",
            "Maximum": 23.523706122318643,
            "Unit": "Percent"
        },
        {
            "Timestamp": "2021-01-18T17:04:03+00:00",
            "Maximum": 23.473411941275558,
            "Unit": "Percent"
        },
        {
            "Timestamp": "2021-01-18T17:10:13+00:00",
            "Maximum": 23.543264970502065,
            "Unit": "Percent"
        },
        {
            "Timestamp": "2021-01-18T17:05:03+00:00",
            "Maximum": 23.468222859104444,
            "Unit": "Percent"
        },
        {
            "Timestamp": "2021-01-18T17:11:13+00:00",
            "Maximum": 23.545260771337105,
            "Unit": "Percent"
        },
        {
            "Timestamp": "2021-01-18T17:06:03+00:00",
            "Maximum": 23.46343293710034,
            "Unit": "Percent"
        },
        {
            "Timestamp": "2021-01-18T17:13:53+00:00",
            "Maximum": 23.525701923153683,
            "Unit": "Percent"
        },
        {
            "Timestamp": "2021-01-18T17:08:13+00:00",
            "Maximum": 23.453453932925125,
            "Unit": "Percent"
        },
        {
            "Timestamp": "2021-01-18T17:02:33+00:00",
            "Maximum": 23.479798503947695,
            "Unit": "Percent"
        },
        {
            "Timestamp": "2021-01-18T17:12:03+00:00",
            "Maximum": 23.534084286660864,
            "Unit": "Percent"
        },
        {
            "Timestamp": "2021-01-18T17:06:23+00:00",
            "Maximum": 23.462634616766323,
            "Unit": "Percent"
        },
        {
            "Timestamp": "2021-01-18T17:00:43+00:00",
            "Maximum": 23.488979187788892,
            "Unit": "Percent"
        },
        {
            "Timestamp": "2021-01-18T17:11:53+00:00",
            "Maximum": 23.534882606994884,
            "Unit": "Percent"
        },
        {
            "Timestamp": "2021-01-18T17:06:13+00:00",
            "Maximum": 23.462634616766323,
            "Unit": "Percent"
        },
        {
            "Timestamp": "2021-01-18T17:00:33+00:00",
            "Maximum": 23.48977750812291,
            "Unit": "Percent"
        },
        {
            "Timestamp": "2021-01-18T17:04:23+00:00",
            "Maximum": 23.47221446077453,
            "Unit": "Percent"
        },
        {
            "Timestamp": "2021-01-18T17:10:03+00:00",
            "Maximum": 23.55284481451027,
            "Unit": "Percent"
        },
        {
            "Timestamp": "2021-01-18T17:09:53+00:00",
            "Maximum": 23.55324397467728,
            "Unit": "Percent"
        },
        {
            "Timestamp": "2021-01-18T17:04:13+00:00",
            "Maximum": 23.47221446077453,
            "Unit": "Percent"
        },
        {
            "Timestamp": "2021-01-18T17:10:23+00:00",
            "Maximum": 23.542865810335055,
            "Unit": "Percent"
        },
        {
            "Timestamp": "2021-01-18T17:04:43+00:00",
            "Maximum": 23.469819499772477,
            "Unit": "Percent"
        },
        {
            "Timestamp": "2021-01-18T17:13:33+00:00",
            "Maximum": 23.52729856382172,
            "Unit": "Percent"
        },
        {
            "Timestamp": "2021-01-18T17:02:13+00:00",
            "Maximum": 23.482592625116755,
            "Unit": "Percent"
        },
        {
            "Timestamp": "2021-01-18T17:07:53+00:00",
            "Maximum": 23.45505057359316,
            "Unit": "Percent"
        },
        {
            "Timestamp": "2021-01-18T17:14:03+00:00",
            "Maximum": 23.524903602819666,
            "Unit": "Percent"
        },
        {
            "Timestamp": "2021-01-18T17:08:23+00:00",
            "Maximum": 23.45305477275812,
            "Unit": "Percent"
        },
        {
            "Timestamp": "2021-01-18T17:02:43+00:00",
            "Maximum": 23.479798503947695,
            "Unit": "Percent"
        },
        {
            "Timestamp": "2021-01-18T17:07:43+00:00",
            "Maximum": 23.45544973376017,
            "Unit": "Percent"
        },
        {
            "Timestamp": "2021-01-18T17:08:43+00:00",
            "Maximum": 23.451058971923075,
            "Unit": "Percent"
        },
        {
            "Timestamp": "2021-01-18T17:11:33+00:00",
            "Maximum": 23.57000870169164,
            "Unit": "Percent"
        },
        {
            "Timestamp": "2021-01-18T17:00:13+00:00",
            "Maximum": 23.491773308957953,
            "Unit": "Percent"
        },
        {
            "Timestamp": "2021-01-18T17:09:43+00:00",
            "Maximum": 23.520912001149583,
            "Unit": "Percent"
        },
        {
            "Timestamp": "2021-01-18T17:12:33+00:00",
            "Maximum": 23.531689325658814,
            "Unit": "Percent"
        },
        {
            "Timestamp": "2021-01-18T17:05:43+00:00",
            "Maximum": 23.465029577768377,
            "Unit": "Percent"
        },
        {
            "Timestamp": "2021-01-18T17:08:33+00:00",
            "Maximum": 23.45145813209008,
            "Unit": "Percent"
        },
        {
            "Timestamp": "2021-01-18T17:09:33+00:00",
            "Maximum": 23.47181530060752,
            "Unit": "Percent"
        },
        {
            "Timestamp": "2021-01-18T17:06:43+00:00",
            "Maximum": 23.46063881593128,
            "Unit": "Percent"
        },
        {
            "Timestamp": "2021-01-18T17:10:33+00:00",
            "Maximum": 23.542466650168045,
            "Unit": "Percent"
        },
        {
            "Timestamp": "2021-01-18T17:00:23+00:00",
            "Maximum": 23.49017666828992,
            "Unit": "Percent"
        },
        {
            "Timestamp": "2021-01-18T17:06:33+00:00",
            "Maximum": 23.46103797609829,
            "Unit": "Percent"
        },
        {
            "Timestamp": "2021-01-18T17:12:43+00:00",
            "Maximum": 23.530491845157787,
            "Unit": "Percent"
        },
        {
            "Timestamp": "2021-01-18T17:01:23+00:00",
            "Maximum": 23.485785906452822,
            "Unit": "Percent"
        },
        {
            "Timestamp": "2021-01-18T17:07:33+00:00",
            "Maximum": 23.456248054094186,
            "Unit": "Percent"
        },
        {
            "Timestamp": "2021-01-18T17:13:43+00:00",
            "Maximum": 23.525701923153683,
            "Unit": "Percent"
        },
        {
            "Timestamp": "2021-01-18T17:02:23+00:00",
            "Maximum": 23.48179430478274,
            "Unit": "Percent"
        },
        {
            "Timestamp": "2021-01-18T17:04:33+00:00",
            "Maximum": 23.470617820106497,
            "Unit": "Percent"
        },
        {
            "Timestamp": "2021-01-18T17:10:43+00:00",
            "Maximum": 23.574399463528735,
            "Unit": "Percent"
        },
        {
            "Timestamp": "2021-01-18T17:05:33+00:00",
            "Maximum": 23.465827898102393,
            "Unit": "Percent"
        },
        {
            "Timestamp": "2021-01-18T17:11:43+00:00",
            "Maximum": 23.53528176716189,
            "Unit": "Percent"
        }
    ]
}
