{
    "Label": "mem_used_percent",
    "Datapoints": [
        {
            "Timestamp": "2021-01-18T16:46:34+00:00",
            "Maximum": 24.818980864261594,
            "Unit": "Percent"
        },
        {
            "Timestamp": "2021-01-18T16:56:04+00:00",
            "Maximum": 25.424107677446653,
            "Unit": "Percent"
        },
        {
            "Timestamp": "2021-01-18T16:50:24+00:00",
            "Maximum": 24.801018656746205,
            "Unit": "Percent"
        },
        {
            "Timestamp": "2021-01-18T16:59:54+00:00",
            "Maximum": 25.165851049392078,
            "Unit": "Percent"
        },
        {
            "Timestamp": "2021-01-18T16:54:14+00:00",
            "Maximum": 24.83215314977288,
            "Unit": "Percent"
        },
        {
            "Timestamp": "2021-01-18T16:48:34+00:00",
            "Maximum": 24.809800180420396,
            "Unit": "Percent"
        },
        {
            "Timestamp": "2021-01-18T16:52:24+00:00",
            "Maximum": 24.841333833614076,
            "Unit": "Percent"
        },
        {
            "Timestamp": "2021-01-18T16:58:04+00:00",
            "Maximum": 25.43847744345896,
            "Unit": "Percent"
        },
        {
            "Timestamp": "2021-01-18T16:46:44+00:00",
            "Maximum": 24.818182543927577,
            "Unit": "Percent"
        },
        {
            "Timestamp": "2021-01-18T16:50:34+00:00",
            "Maximum": 24.8006194965792,
            "Unit": "Percent"
        },
        {
            "Timestamp": "2021-01-18T16:56:14+00:00",
            "Maximum": 25.422910196945626,
            "Unit": "Percent"
        },
        {
            "Timestamp": "2021-01-18T16:57:44+00:00",
            "Maximum": 25.440473244294004,
            "Unit": "Percent"
        },
        {
            "Timestamp": "2021-01-18T16:52:04+00:00",
            "Maximum": 24.842531314115103,
            "Unit": "Percent"
        },
        {
            "Timestamp": "2021-01-18T16:46:24+00:00",
            "Maximum": 24.818980864261594,
            "Unit": "Percent"
        },
        {
            "Timestamp": "2021-01-18T16:52:34+00:00",
            "Maximum": 24.84013635311305,
            "Unit": "Percent"
        },
        {
            "Timestamp": "2021-01-18T16:58:14+00:00",
            "Maximum": 25.43847744345896,
            "Unit": "Percent"
        },
        {
            "Timestamp": "2021-01-18T16:46:54+00:00",
            "Maximum": 24.81738422359356,
            "Unit": "Percent"
        },
        {
            "Timestamp": "2021-01-18T16:59:44+00:00",
            "Maximum": 25.167048529893105,
            "Unit": "Percent"
        },
        {
            "Timestamp": "2021-01-18T16:54:04+00:00",
            "Maximum": 24.832951470106895,
            "Unit": "Percent"
        },
        {
            "Timestamp": "2021-01-18T16:48:24+00:00",
            "Maximum": 24.810199340587403,
            "Unit": "Percent"
        },
        {
            "Timestamp": "2021-01-18T16:54:34+00:00",
            "Maximum": 27.314131068232438,
            "Unit": "Percent"
        },
        {
            "Timestamp": "2021-01-18T16:48:54+00:00",
            "Maximum": 24.808203539752363,
            "Unit": "Percent"
        },
        {
            "Timestamp": "2021-01-18T16:49:54+00:00",
            "Maximum": 24.803812777915265,
            "Unit": "Percent"
        },
        {
            "Timestamp": "2021-01-18T16:52:44+00:00",
            "Maximum": 24.839338032779033,
            "Unit": "Percent"
        },
        {
            "Timestamp": "2021-01-18T16:50:54+00:00",
            "Maximum": 24.79902285591116,
            "Unit": "Percent"
        },
        {
            "Timestamp": "2021-01-18T16:53:44+00:00",
            "Maximum": 24.835346431108945,
            "Unit": "Percent"
        },
        {
            "Timestamp": "2021-01-18T16:51:54+00:00",
            "Maximum": 24.84332963444912,
            "Unit": "Percent"
        },
        {
            "Timestamp": "2021-01-18T16:54:44+00:00",
            "Maximum": 28.521989733600506,
            "Unit": "Percent"
        },
        {
            "Timestamp": "2021-01-18T16:55:44+00:00",
            "Maximum": 25.42490599778067,
            "Unit": "Percent"
        },
        {
            "Timestamp": "2021-01-18T16:52:54+00:00",
            "Maximum": 24.838539712445016,
            "Unit": "Percent"
        },
        {
            "Timestamp": "2021-01-18T16:56:44+00:00",
            "Maximum": 25.420914396110582,
            "Unit": "Percent"
        },
        {
            "Timestamp": "2021-01-18T16:53:54+00:00",
            "Maximum": 24.83454811077493,
            "Unit": "Percent"
        },
        {
            "Timestamp": "2021-01-18T16:48:44+00:00",
            "Maximum": 24.809800180420396,
            "Unit": "Percent"
        },
        {
            "Timestamp": "2021-01-18T16:54:54+00:00",
            "Maximum": 25.43608248245691,
            "Unit": "Percent"
        },
        {
            "Timestamp": "2021-01-18T16:49:44+00:00",
            "Maximum": 24.805010258416292,
            "Unit": "Percent"
        },
        {
            "Timestamp": "2021-01-18T16:55:54+00:00",
            "Maximum": 25.42450683761366,
            "Unit": "Percent"
        },
        {
            "Timestamp": "2021-01-18T16:50:44+00:00",
            "Maximum": 24.80022033641219,
            "Unit": "Percent"
        },
        {
            "Timestamp": "2021-01-18T16:56:54+00:00",
            "Maximum": 25.41971691560956,
            "Unit": "Percent"
        },
        {
            "Timestamp": "2021-01-18T16:45:34+00:00",
            "Maximum": 24.85690108012741,
            "Unit": "Percent"
        },
        {
            "Timestamp": "2021-01-18T16:51:44+00:00",
            "Maximum": 24.843728794616126,
            "Unit": "Percent"
        },
        {
            "Timestamp": "2021-01-18T16:57:54+00:00",
            "Maximum": 25.440074084126998,
            "Unit": "Percent"
        },
        {
            "Timestamp": "2021-01-18T16:53:14+00:00",
            "Maximum": 24.83734223194399,
            "Unit": "Percent"
        },
        {
            "Timestamp": "2021-01-18T16:58:54+00:00",
            "Maximum": 25.435284162122894,
            "Unit": "Percent"
        },
        {
            "Timestamp": "2021-01-18T16:47:34+00:00",
            "Maximum": 24.81419094225749,
            "Unit": "Percent"
        },
        {
            "Timestamp": "2021-01-18T16:57:04+00:00",
            "Maximum": 25.443666525630075,
            "Unit": "Percent"
        },
        {
            "Timestamp": "2021-01-18T16:45:44+00:00",
            "Maximum": 24.83135482943886,
            "Unit": "Percent"
        },
        {
            "Timestamp": "2021-01-18T16:51:24+00:00",
            "Maximum": 24.850514517455274,
            "Unit": "Percent"
        },
        {
            "Timestamp": "2021-01-18T16:55:14+00:00",
            "Maximum": 25.42770011894973,
            "Unit": "Percent"
        },
        {
            "Timestamp": "2021-01-18T16:49:34+00:00",
            "Maximum": 24.805010258416292,
            "Unit": "Percent"
        },
        {
            "Timestamp": "2021-01-18T16:59:04+00:00",
            "Maximum": 25.434086681621867,
            "Unit": "Percent"
        },
        {
            "Timestamp": "2021-01-18T16:53:24+00:00",
            "Maximum": 24.836543911609972,
            "Unit": "Percent"
        },
        {
            "Timestamp": "2021-01-18T16:47:44+00:00",
            "Maximum": 24.813791782090483,
            "Unit": "Percent"
        },
        {
            "Timestamp": "2021-01-18T16:51:04+00:00",
            "Maximum": 24.798623695744155,
            "Unit": "Percent"
        },
        {
            "Timestamp": "2021-01-18T16:45:24+00:00",
            "Maximum": 24.857699400461428,
            "Unit": "Percent"
        },
        {
            "Timestamp": "2021-01-18T16:57:14+00:00",
            "Maximum": 25.443267365463065,
            "Unit": "Percent"
        },
        {
            "Timestamp": "2021-01-18T16:51:34+00:00",
            "Maximum": 24.845325435284163,
            "Unit": "Percent"
        },
        {
            "Timestamp": "2021-01-18T16:45:54+00:00",
            "Maximum": 24.854905279292367,
            "Unit": "Percent"
        },
        {
            "Timestamp": "2021-01-18T16:53:04+00:00",
            "Maximum": 24.83734223194399,
            "Unit": "Percent"
        },
        {
            "Timestamp": "2021-01-18T16:58:44+00:00",
            "Maximum": 25.43608248245691,
            "Unit": "Percent"
        },
        {
            "Timestamp": "2021-01-18T16:47:24+00:00",
            "Maximum": 24.814989262591507,
            "Unit": "Percent"
        },
        {
            "Timestamp": "2021-01-18T16:59:14+00:00",
            "Maximum": 25.43368752145486,
            "Unit": "Percent"
        },
        {
            "Timestamp": "2021-01-18T16:53:34+00:00",
            "Maximum": 24.835745591275955,
            "Unit": "Percent"
        },
        {
            "Timestamp": "2021-01-18T16:47:54+00:00",
            "Maximum": 24.812993461756463,
            "Unit": "Percent"
        },
        {
            "Timestamp": "2021-01-18T16:55:04+00:00",
            "Maximum": 25.429296759617763,
            "Unit": "Percent"
        },
        {
            "Timestamp": "2021-01-18T16:49:24+00:00",
            "Maximum": 24.80580857875031,
            "Unit": "Percent"
        },
        {
            "Timestamp": "2021-01-18T16:58:24+00:00",
            "Maximum": 25.438078283291954,
            "Unit": "Percent"
        },
        {
            "Timestamp": "2021-01-18T16:55:34+00:00",
            "Maximum": 25.426502638448703,
            "Unit": "Percent"
        },
        {
            "Timestamp": "2021-01-18T16:47:04+00:00",
            "Maximum": 24.81698506342655,
            "Unit": "Percent"
        },
        {
            "Timestamp": "2021-01-18T16:56:34+00:00",
            "Maximum": 25.420914396110582,
            "Unit": "Percent"
        },
        {
            "Timestamp": "2021-01-18T16:59:24+00:00",
            "Maximum": 25.43328836128785,
            "Unit": "Percent"
        },
        {
            "Timestamp": "2021-01-18T16:48:04+00:00",
            "Maximum": 24.812195141422446,
            "Unit": "Percent"
        },
        {
            "Timestamp": "2021-01-18T16:45:14+00:00",
            "Maximum": 24.858896880962455,
            "Unit": "Percent"
        },
        {
            "Timestamp": "2021-01-18T16:57:34+00:00",
            "Maximum": 25.44127156462802,
            "Unit": "Percent"
        },
        {
            "Timestamp": "2021-01-18T16:46:14+00:00",
            "Maximum": 24.878455729145877,
            "Unit": "Percent"
        },
        {
            "Timestamp": "2021-01-18T16:49:04+00:00",
            "Maximum": 24.807804379585352,
            "Unit": "Percent"
        },
        {
            "Timestamp": "2021-01-18T16:58:34+00:00",
            "Maximum": 25.43648164262392,
            "Unit": "Percent"
        },
        {
            "Timestamp": "2021-01-18T16:50:04+00:00",
            "Maximum": 24.80301445758125,
            "Unit": "Percent"
        },
        {
            "Timestamp": "2021-01-18T16:47:14+00:00",
            "Maximum": 24.816186743092533,
            "Unit": "Percent"
        },
        {
            "Timestamp": "2021-01-18T16:59:34+00:00",
            "Maximum": 25.432090880786824,
            "Unit": "Percent"
        },
        {
            "Timestamp": "2021-01-18T16:48:14+00:00",
            "Maximum": 24.812195141422446,
            "Unit": "Percent"
        },
        {
            "Timestamp": "2021-01-18T16:54:24+00:00",
            "Maximum": 24.83175398960587,
            "Unit": "Percent"
        },
        {
            "Timestamp": "2021-01-18T16:49:14+00:00",
            "Maximum": 24.807006059251336,
            "Unit": "Percent"
        },
        {
            "Timestamp": "2021-01-18T16:55:24+00:00",
            "Maximum": 25.426901798615713,
            "Unit": "Percent"
        },
        {
            "Timestamp": "2021-01-18T16:50:14+00:00",
            "Maximum": 24.802615297414242,
            "Unit": "Percent"
        },
        {
            "Timestamp": "2021-01-18T16:56:24+00:00",
            "Maximum": 25.42251103677862,
            "Unit": "Percent"
        },
        {
            "Timestamp": "2021-01-18T16:45:04+00:00",
            "Maximum": 24.846922075952197,
            "Unit": "Percent"
        },
        {
            "Timestamp": "2021-01-18T16:51:14+00:00",
            "Maximum": 24.798224535577145,
            "Unit": "Percent"
        },
        {
            "Timestamp": "2021-01-18T16:57:24+00:00",
            "Maximum": 25.442469045129048,
            "Unit": "Percent"
        },
        {
            "Timestamp": "2021-01-18T16:46:04+00:00",
            "Maximum": 24.85450611912536,
            "Unit": "Percent"
        },
        {
            "Timestamp": "2021-01-18T16:52:14+00:00",
            "Maximum": 24.841732993781086,
            "Unit": "Percent"
        }
    ]
}
