{
    "Label": "mem_used_percent",
    "Datapoints": [
        {
            "Timestamp": "2021-01-18T17:09:55+00:00",
            "Maximum": 23.775177027534067,
            "Unit": "Percent"
        },
        {
            "Timestamp": "2021-01-18T17:04:15+00:00",
            "Maximum": 23.701731556804482,
            "Unit": "Percent"
        },
        {
            "Timestamp": "2021-01-18T17:13:45+00:00",
            "Maximum": 23.781164430039198,
            "Unit": "Percent"
        },
        {
            "Timestamp": "2021-01-18T17:08:05+00:00",
            "Maximum": 23.70891643981064,
            "Unit": "Percent"
        },
        {
            "Timestamp": "2021-01-18T17:02:25+00:00",
            "Maximum": 23.710513080478673,
            "Unit": "Percent"
        },
        {
            "Timestamp": "2021-01-18T17:13:35+00:00",
            "Maximum": 23.78276107070723,
            "Unit": "Percent"
        },
        {
            "Timestamp": "2021-01-18T17:07:55+00:00",
            "Maximum": 23.709315599977646,
            "Unit": "Percent"
        },
        {
            "Timestamp": "2021-01-18T17:02:15+00:00",
            "Maximum": 23.71131140081269,
            "Unit": "Percent"
        },
        {
            "Timestamp": "2021-01-18T17:11:45+00:00",
            "Maximum": 23.76639550385988,
            "Unit": "Percent"
        },
        {
            "Timestamp": "2021-01-18T17:06:05+00:00",
            "Maximum": 23.71729880331782,
            "Unit": "Percent"
        },
        {
            "Timestamp": "2021-01-18T17:00:25+00:00",
            "Maximum": 23.71969376431987,
            "Unit": "Percent"
        },
        {
            "Timestamp": "2021-01-18T17:08:15+00:00",
            "Maximum": 23.781962750373214,
            "Unit": "Percent"
        },
        {
            "Timestamp": "2021-01-18T17:02:35+00:00",
            "Maximum": 23.710113920311663,
            "Unit": "Percent"
        },
        {
            "Timestamp": "2021-01-18T17:09:45+00:00",
            "Maximum": 23.776374508035094,
            "Unit": "Percent"
        },
        {
            "Timestamp": "2021-01-18T17:04:05+00:00",
            "Maximum": 23.7025298771385,
            "Unit": "Percent"
        },
        {
            "Timestamp": "2021-01-18T17:00:05+00:00",
            "Maximum": 23.721689565154914,
            "Unit": "Percent"
        },
        {
            "Timestamp": "2021-01-18T17:06:15+00:00",
            "Maximum": 23.71729880331782,
            "Unit": "Percent"
        },
        {
            "Timestamp": "2021-01-18T17:11:55+00:00",
            "Maximum": 23.765597183525863,
            "Unit": "Percent"
        },
        {
            "Timestamp": "2021-01-18T17:00:35+00:00",
            "Maximum": 23.718895443985854,
            "Unit": "Percent"
        },
        {
            "Timestamp": "2021-01-18T17:13:25+00:00",
            "Maximum": 23.758412300519705,
            "Unit": "Percent"
        },
        {
            "Timestamp": "2021-01-18T17:02:05+00:00",
            "Maximum": 23.712109721146707,
            "Unit": "Percent"
        },
        {
            "Timestamp": "2021-01-18T17:07:45+00:00",
            "Maximum": 23.71091224064568,
            "Unit": "Percent"
        },
        {
            "Timestamp": "2021-01-18T17:13:55+00:00",
            "Maximum": 23.781164430039198,
            "Unit": "Percent"
        },
        {
            "Timestamp": "2021-01-18T17:06:35+00:00",
            "Maximum": 23.715303002482777,
            "Unit": "Percent"
        },
        {
            "Timestamp": "2021-01-18T17:07:35+00:00",
            "Maximum": 23.71131140081269,
            "Unit": "Percent"
        },
        {
            "Timestamp": "2021-01-18T17:10:25+00:00",
            "Maximum": 23.772782066532017,
            "Unit": "Percent"
        },
        {
            "Timestamp": "2021-01-18T17:11:25+00:00",
            "Maximum": 23.767592984360906,
            "Unit": "Percent"
        },
        {
            "Timestamp": "2021-01-18T17:08:35+00:00",
            "Maximum": 23.781164430039198,
            "Unit": "Percent"
        },
        {
            "Timestamp": "2021-01-18T17:04:35+00:00",
            "Maximum": 23.69973575596944,
            "Unit": "Percent"
        },
        {
            "Timestamp": "2021-01-18T17:07:25+00:00",
            "Maximum": 23.71131140081269,
            "Unit": "Percent"
        },
        {
            "Timestamp": "2021-01-18T17:05:35+00:00",
            "Maximum": 23.720492084653888,
            "Unit": "Percent"
        },
        {
            "Timestamp": "2021-01-18T17:08:25+00:00",
            "Maximum": 23.781962750373214,
            "Unit": "Percent"
        },
        {
            "Timestamp": "2021-01-18T17:09:25+00:00",
            "Maximum": 23.776773668202104,
            "Unit": "Percent"
        },
        {
            "Timestamp": "2021-01-18T17:05:25+00:00",
            "Maximum": 23.720891244820898,
            "Unit": "Percent"
        },
        {
            "Timestamp": "2021-01-18T17:11:35+00:00",
            "Maximum": 23.767193824193896,
            "Unit": "Percent"
        },
        {
            "Timestamp": "2021-01-18T17:00:15+00:00",
            "Maximum": 23.720891244820898,
            "Unit": "Percent"
        },
        {
            "Timestamp": "2021-01-18T17:06:25+00:00",
            "Maximum": 23.715702162649784,
            "Unit": "Percent"
        },
        {
            "Timestamp": "2021-01-18T17:12:35+00:00",
            "Maximum": 23.76320222252381,
            "Unit": "Percent"
        },
        {
            "Timestamp": "2021-01-18T17:01:15+00:00",
            "Maximum": 23.7165004829838,
            "Unit": "Percent"
        },
        {
            "Timestamp": "2021-01-18T17:14:45+00:00",
            "Maximum": 23.777971148703127,
            "Unit": "Percent"
        },
        {
            "Timestamp": "2021-01-18T17:03:25+00:00",
            "Maximum": 23.704924838140553,
            "Unit": "Percent"
        },
        {
            "Timestamp": "2021-01-18T17:09:35+00:00",
            "Maximum": 23.776773668202104,
            "Unit": "Percent"
        },
        {
            "Timestamp": "2021-01-18T17:04:25+00:00",
            "Maximum": 23.70053407630346,
            "Unit": "Percent"
        },
        {
            "Timestamp": "2021-01-18T17:10:35+00:00",
            "Maximum": 23.771983746198,
            "Unit": "Percent"
        },
        {
            "Timestamp": "2021-01-18T17:07:05+00:00",
            "Maximum": 23.713307201647734,
            "Unit": "Percent"
        },
        {
            "Timestamp": "2021-01-18T17:12:45+00:00",
            "Maximum": 23.762403902189792,
            "Unit": "Percent"
        },
        {
            "Timestamp": "2021-01-18T17:01:25+00:00",
            "Maximum": 23.714903842315767,
            "Unit": "Percent"
        },
        {
            "Timestamp": "2021-01-18T17:05:15+00:00",
            "Maximum": 23.69734079496739,
            "Unit": "Percent"
        },
        {
            "Timestamp": "2021-01-18T17:10:55+00:00",
            "Maximum": 23.770387105529966,
            "Unit": "Percent"
        },
        {
            "Timestamp": "2021-01-18T17:10:45+00:00",
            "Maximum": 23.770387105529966,
            "Unit": "Percent"
        },
        {
            "Timestamp": "2021-01-18T17:05:05+00:00",
            "Maximum": 23.6977399551344,
            "Unit": "Percent"
        },
        {
            "Timestamp": "2021-01-18T17:08:55+00:00",
            "Maximum": 23.779567789371164,
            "Unit": "Percent"
        },
        {
            "Timestamp": "2021-01-18T17:14:35+00:00",
            "Maximum": 23.777971148703127,
            "Unit": "Percent"
        },
        {
            "Timestamp": "2021-01-18T17:03:15+00:00",
            "Maximum": 23.706521478808586,
            "Unit": "Percent"
        },
        {
            "Timestamp": "2021-01-18T17:08:45+00:00",
            "Maximum": 23.77996694953817,
            "Unit": "Percent"
        },
        {
            "Timestamp": "2021-01-18T17:14:25+00:00",
            "Maximum": 23.779168629204154,
            "Unit": "Percent"
        },
        {
            "Timestamp": "2021-01-18T17:03:05+00:00",
            "Maximum": 23.706920638975596,
            "Unit": "Percent"
        },
        {
            "Timestamp": "2021-01-18T17:14:55+00:00",
            "Maximum": 23.776374508035094,
            "Unit": "Percent"
        },
        {
            "Timestamp": "2021-01-18T17:09:15+00:00",
            "Maximum": 23.77757198853612,
            "Unit": "Percent"
        },
        {
            "Timestamp": "2021-01-18T17:03:35+00:00",
            "Maximum": 23.704525677973542,
            "Unit": "Percent"
        },
        {
            "Timestamp": "2021-01-18T17:12:25+00:00",
            "Maximum": 23.76320222252381,
            "Unit": "Percent"
        },
        {
            "Timestamp": "2021-01-18T17:06:45+00:00",
            "Maximum": 23.715303002482777,
            "Unit": "Percent"
        },
        {
            "Timestamp": "2021-01-18T17:01:05+00:00",
            "Maximum": 23.7165004829838,
            "Unit": "Percent"
        },
        {
            "Timestamp": "2021-01-18T17:12:55+00:00",
            "Maximum": 23.761206421688765,
            "Unit": "Percent"
        },
        {
            "Timestamp": "2021-01-18T17:07:15+00:00",
            "Maximum": 23.712508881313717,
            "Unit": "Percent"
        },
        {
            "Timestamp": "2021-01-18T17:01:35+00:00",
            "Maximum": 23.71450468214876,
            "Unit": "Percent"
        },
        {
            "Timestamp": "2021-01-18T17:03:45+00:00",
            "Maximum": 23.703727357639526,
            "Unit": "Percent"
        },
        {
            "Timestamp": "2021-01-18T17:00:55+00:00",
            "Maximum": 23.71729880331782,
            "Unit": "Percent"
        },
        {
            "Timestamp": "2021-01-18T17:13:15+00:00",
            "Maximum": 23.759210620853725,
            "Unit": "Percent"
        },
        {
            "Timestamp": "2021-01-18T17:01:55+00:00",
            "Maximum": 23.712508881313717,
            "Unit": "Percent"
        },
        {
            "Timestamp": "2021-01-18T17:04:45+00:00",
            "Maximum": 23.699336595802432,
            "Unit": "Percent"
        },
        {
            "Timestamp": "2021-01-18T17:14:15+00:00",
            "Maximum": 23.779168629204154,
            "Unit": "Percent"
        },
        {
            "Timestamp": "2021-01-18T17:05:45+00:00",
            "Maximum": 23.71969376431987,
            "Unit": "Percent"
        },
        {
            "Timestamp": "2021-01-18T17:10:15+00:00",
            "Maximum": 23.773181226699027,
            "Unit": "Percent"
        },
        {
            "Timestamp": "2021-01-18T17:01:45+00:00",
            "Maximum": 23.71410552198175,
            "Unit": "Percent"
        },
        {
            "Timestamp": "2021-01-18T17:11:15+00:00",
            "Maximum": 23.76918962502894,
            "Unit": "Percent"
        },
        {
            "Timestamp": "2021-01-18T17:14:05+00:00",
            "Maximum": 23.780765269872187,
            "Unit": "Percent"
        },
        {
            "Timestamp": "2021-01-18T17:02:45+00:00",
            "Maximum": 23.709315599977646,
            "Unit": "Percent"
        },
        {
            "Timestamp": "2021-01-18T17:12:15+00:00",
            "Maximum": 23.764399703024836,
            "Unit": "Percent"
        },
        {
            "Timestamp": "2021-01-18T17:11:05+00:00",
            "Maximum": 23.769588785195946,
            "Unit": "Percent"
        },
        {
            "Timestamp": "2021-01-18T17:05:55+00:00",
            "Maximum": 23.718097123651837,
            "Unit": "Percent"
        },
        {
            "Timestamp": "2021-01-18T17:12:05+00:00",
            "Maximum": 23.765198023358852,
            "Unit": "Percent"
        },
        {
            "Timestamp": "2021-01-18T17:00:45+00:00",
            "Maximum": 23.718496283818844,
            "Unit": "Percent"
        },
        {
            "Timestamp": "2021-01-18T17:06:55+00:00",
            "Maximum": 23.71370636181474,
            "Unit": "Percent"
        },
        {
            "Timestamp": "2021-01-18T17:13:05+00:00",
            "Maximum": 23.76040810135475,
            "Unit": "Percent"
        },
        {
            "Timestamp": "2021-01-18T17:02:55+00:00",
            "Maximum": 23.70811811947662,
            "Unit": "Percent"
        },
        {
            "Timestamp": "2021-01-18T17:09:05+00:00",
            "Maximum": 23.779168629204154,
            "Unit": "Percent"
        },
        {
            "Timestamp": "2021-01-18T17:03:55+00:00",
            "Maximum": 23.70292903730551,
            "Unit": "Percent"
        },
        {
            "Timestamp": "2021-01-18T17:10:05+00:00",
            "Maximum": 23.77477786736706,
            "Unit": "Percent"
        },
        {
            "Timestamp": "2021-01-18T17:04:55+00:00",
            "Maximum": 23.6977399551344,
            "Unit": "Percent"
        }
    ]
}
