{
    "Label": "mem_used_percent",
    "Datapoints": [
        {
            "Timestamp": "2021-01-18T17:07:24+00:00",
            "Maximum": 25.156271205383874,
            "Unit": "Percent"
        },
        {
            "Timestamp": "2021-01-18T17:13:04+00:00",
            "Maximum": 24.85730024029442,
            "Unit": "Percent"
        },
        {
            "Timestamp": "2021-01-18T17:01:44+00:00",
            "Maximum": 25.10757366500882,
            "Unit": "Percent"
        },
        {
            "Timestamp": "2021-01-18T17:11:14+00:00",
            "Maximum": 24.86688008430263,
            "Unit": "Percent"
        },
        {
            "Timestamp": "2021-01-18T17:05:34+00:00",
            "Maximum": 25.11396022768096,
            "Unit": "Percent"
        },
        {
            "Timestamp": "2021-01-18T17:09:24+00:00",
            "Maximum": 24.8517119979563,
            "Unit": "Percent"
        },
        {
            "Timestamp": "2021-01-18T17:03:44+00:00",
            "Maximum": 25.181019135738406,
            "Unit": "Percent"
        },
        {
            "Timestamp": "2021-01-18T17:13:14+00:00",
            "Maximum": 24.85690108012741,
            "Unit": "Percent"
        },
        {
            "Timestamp": "2021-01-18T17:07:34+00:00",
            "Maximum": 25.129128314027287,
            "Unit": "Percent"
        },
        {
            "Timestamp": "2021-01-18T17:01:54+00:00",
            "Maximum": 25.131523275029338,
            "Unit": "Percent"
        },
        {
            "Timestamp": "2021-01-18T17:11:24+00:00",
            "Maximum": 24.864884283467585,
            "Unit": "Percent"
        },
        {
            "Timestamp": "2021-01-18T17:09:04+00:00",
            "Maximum": 24.85131283778929,
            "Unit": "Percent"
        },
        {
            "Timestamp": "2021-01-18T17:14:44+00:00",
            "Maximum": 24.88284649098297,
            "Unit": "Percent"
        },
        {
            "Timestamp": "2021-01-18T17:03:24+00:00",
            "Maximum": 25.124338392023184,
            "Unit": "Percent"
        },
        {
            "Timestamp": "2021-01-18T17:09:34+00:00",
            "Maximum": 24.84891787678724,
            "Unit": "Percent"
        },
        {
            "Timestamp": "2021-01-18T17:03:54+00:00",
            "Maximum": 25.12234259118814,
            "Unit": "Percent"
        },
        {
            "Timestamp": "2021-01-18T17:11:04+00:00",
            "Maximum": 24.867279244469636,
            "Unit": "Percent"
        },
        {
            "Timestamp": "2021-01-18T17:05:24+00:00",
            "Maximum": 25.114758548014976,
            "Unit": "Percent"
        },
        {
            "Timestamp": "2021-01-18T17:11:34+00:00",
            "Maximum": 24.864485123300575,
            "Unit": "Percent"
        },
        {
            "Timestamp": "2021-01-18T17:05:54+00:00",
            "Maximum": 25.112762747179932,
            "Unit": "Percent"
        },
        {
            "Timestamp": "2021-01-18T17:00:14+00:00",
            "Maximum": 25.164653568891055,
            "Unit": "Percent"
        },
        {
            "Timestamp": "2021-01-18T17:01:14+00:00",
            "Maximum": 25.109569465843865,
            "Unit": "Percent"
        },
        {
            "Timestamp": "2021-01-18T17:13:34+00:00",
            "Maximum": 24.854905279292367,
            "Unit": "Percent"
        },
        {
            "Timestamp": "2021-01-18T17:02:14+00:00",
            "Maximum": 25.129527474194294,
            "Unit": "Percent"
        },
        {
            "Timestamp": "2021-01-18T17:05:04+00:00",
            "Maximum": 25.115956028516003,
            "Unit": "Percent"
        },
        {
            "Timestamp": "2021-01-18T17:14:34+00:00",
            "Maximum": 24.850913677622284,
            "Unit": "Percent"
        },
        {
            "Timestamp": "2021-01-18T17:06:04+00:00",
            "Maximum": 25.111964426845915,
            "Unit": "Percent"
        },
        {
            "Timestamp": "2021-01-18T17:03:14+00:00",
            "Maximum": 25.12553587252421,
            "Unit": "Percent"
        },
        {
            "Timestamp": "2021-01-18T17:04:14+00:00",
            "Maximum": 25.11994763018609,
            "Unit": "Percent"
        },
        {
            "Timestamp": "2021-01-18T17:07:04+00:00",
            "Maximum": 25.131922435196348,
            "Unit": "Percent"
        },
        {
            "Timestamp": "2021-01-18T17:05:14+00:00",
            "Maximum": 25.115157708181986,
            "Unit": "Percent"
        },
        {
            "Timestamp": "2021-01-18T17:08:04+00:00",
            "Maximum": 25.132720755530364,
            "Unit": "Percent"
        },
        {
            "Timestamp": "2021-01-18T17:00:04+00:00",
            "Maximum": 25.165851049392078,
            "Unit": "Percent"
        },
        {
            "Timestamp": "2021-01-18T17:06:14+00:00",
            "Maximum": 25.1111661065119,
            "Unit": "Percent"
        },
        {
            "Timestamp": "2021-01-18T17:12:24+00:00",
            "Maximum": 24.86009436146348,
            "Unit": "Percent"
        },
        {
            "Timestamp": "2021-01-18T17:01:04+00:00",
            "Maximum": 25.110367786177882,
            "Unit": "Percent"
        },
        {
            "Timestamp": "2021-01-18T17:07:14+00:00",
            "Maximum": 25.131523275029338,
            "Unit": "Percent"
        },
        {
            "Timestamp": "2021-01-18T17:13:24+00:00",
            "Maximum": 24.8888338934881,
            "Unit": "Percent"
        },
        {
            "Timestamp": "2021-01-18T17:02:04+00:00",
            "Maximum": 25.13112411486233,
            "Unit": "Percent"
        },
        {
            "Timestamp": "2021-01-18T17:08:14+00:00",
            "Maximum": 25.132720755530364,
            "Unit": "Percent"
        },
        {
            "Timestamp": "2021-01-18T17:14:24+00:00",
            "Maximum": 24.850514517455274,
            "Unit": "Percent"
        },
        {
            "Timestamp": "2021-01-18T17:03:04+00:00",
            "Maximum": 25.126733353025234,
            "Unit": "Percent"
        },
        {
            "Timestamp": "2021-01-18T17:09:14+00:00",
            "Maximum": 24.850913677622284,
            "Unit": "Percent"
        },
        {
            "Timestamp": "2021-01-18T17:04:04+00:00",
            "Maximum": 25.121544270854123,
            "Unit": "Percent"
        },
        {
            "Timestamp": "2021-01-18T17:10:14+00:00",
            "Maximum": 24.84612375561818,
            "Unit": "Percent"
        },
        {
            "Timestamp": "2021-01-18T17:04:34+00:00",
            "Maximum": 25.11954847001908,
            "Unit": "Percent"
        },
        {
            "Timestamp": "2021-01-18T17:14:04+00:00",
            "Maximum": 24.852510318290317,
            "Unit": "Percent"
        },
        {
            "Timestamp": "2021-01-18T17:08:24+00:00",
            "Maximum": 25.131922435196348,
            "Unit": "Percent"
        },
        {
            "Timestamp": "2021-01-18T17:02:44+00:00",
            "Maximum": 25.12832999369327,
            "Unit": "Percent"
        },
        {
            "Timestamp": "2021-01-18T17:12:14+00:00",
            "Maximum": 24.86129184196451,
            "Unit": "Percent"
        },
        {
            "Timestamp": "2021-01-18T17:06:34+00:00",
            "Maximum": 25.134317396198398,
            "Unit": "Percent"
        },
        {
            "Timestamp": "2021-01-18T17:00:54+00:00",
            "Maximum": 25.1111661065119,
            "Unit": "Percent"
        },
        {
            "Timestamp": "2021-01-18T17:10:24+00:00",
            "Maximum": 24.84572459545117,
            "Unit": "Percent"
        },
        {
            "Timestamp": "2021-01-18T17:04:44+00:00",
            "Maximum": 25.11715350901703,
            "Unit": "Percent"
        },
        {
            "Timestamp": "2021-01-18T17:08:34+00:00",
            "Maximum": 25.13072495469532,
            "Unit": "Percent"
        },
        {
            "Timestamp": "2021-01-18T17:14:14+00:00",
            "Maximum": 24.8517119979563,
            "Unit": "Percent"
        },
        {
            "Timestamp": "2021-01-18T17:02:54+00:00",
            "Maximum": 25.12753167335925,
            "Unit": "Percent"
        },
        {
            "Timestamp": "2021-01-18T17:10:04+00:00",
            "Maximum": 24.846922075952197,
            "Unit": "Percent"
        },
        {
            "Timestamp": "2021-01-18T17:04:24+00:00",
            "Maximum": 25.11954847001908,
            "Unit": "Percent"
        },
        {
            "Timestamp": "2021-01-18T17:04:54+00:00",
            "Maximum": 25.11715350901703,
            "Unit": "Percent"
        },
        {
            "Timestamp": "2021-01-18T17:10:34+00:00",
            "Maximum": 24.844527114950147,
            "Unit": "Percent"
        },
        {
            "Timestamp": "2021-01-18T17:12:04+00:00",
            "Maximum": 24.862090162298525,
            "Unit": "Percent"
        },
        {
            "Timestamp": "2021-01-18T17:06:24+00:00",
            "Maximum": 25.13591403686643,
            "Unit": "Percent"
        },
        {
            "Timestamp": "2021-01-18T17:00:44+00:00",
            "Maximum": 25.11156526667891,
            "Unit": "Percent"
        },
        {
            "Timestamp": "2021-01-18T17:12:34+00:00",
            "Maximum": 24.86009436146348,
            "Unit": "Percent"
        },
        {
            "Timestamp": "2021-01-18T17:06:54+00:00",
            "Maximum": 25.13311991569737,
            "Unit": "Percent"
        },
        {
            "Timestamp": "2021-01-18T17:07:54+00:00",
            "Maximum": 25.12793083352626,
            "Unit": "Percent"
        },
        {
            "Timestamp": "2021-01-18T17:10:44+00:00",
            "Maximum": 24.843728794616126,
            "Unit": "Percent"
        },
        {
            "Timestamp": "2021-01-18T17:11:44+00:00",
            "Maximum": 24.86408596313357,
            "Unit": "Percent"
        },
        {
            "Timestamp": "2021-01-18T17:08:54+00:00",
            "Maximum": 25.129527474194294,
            "Unit": "Percent"
        },
        {
            "Timestamp": "2021-01-18T17:00:24+00:00",
            "Maximum": 25.163855248557034,
            "Unit": "Percent"
        },
        {
            "Timestamp": "2021-01-18T17:09:54+00:00",
            "Maximum": 24.848119556453224,
            "Unit": "Percent"
        },
        {
            "Timestamp": "2021-01-18T17:12:44+00:00",
            "Maximum": 24.858896880962455,
            "Unit": "Percent"
        },
        {
            "Timestamp": "2021-01-18T17:01:24+00:00",
            "Maximum": 25.109170305676855,
            "Unit": "Percent"
        },
        {
            "Timestamp": "2021-01-18T17:10:54+00:00",
            "Maximum": 24.868077564803652,
            "Unit": "Percent"
        },
        {
            "Timestamp": "2021-01-18T17:13:44+00:00",
            "Maximum": 24.85410695895835,
            "Unit": "Percent"
        },
        {
            "Timestamp": "2021-01-18T17:02:24+00:00",
            "Maximum": 25.129527474194294,
            "Unit": "Percent"
        },
        {
            "Timestamp": "2021-01-18T17:05:44+00:00",
            "Maximum": 25.113161907346942,
            "Unit": "Percent"
        },
        {
            "Timestamp": "2021-01-18T17:11:54+00:00",
            "Maximum": 24.86248932246553,
            "Unit": "Percent"
        },
        {
            "Timestamp": "2021-01-18T17:00:34+00:00",
            "Maximum": 25.163456088390028,
            "Unit": "Percent"
        },
        {
            "Timestamp": "2021-01-18T17:06:44+00:00",
            "Maximum": 25.13391823603139,
            "Unit": "Percent"
        },
        {
            "Timestamp": "2021-01-18T17:12:54+00:00",
            "Maximum": 24.857699400461428,
            "Unit": "Percent"
        },
        {
            "Timestamp": "2021-01-18T17:01:34+00:00",
            "Maximum": 25.10837198534284,
            "Unit": "Percent"
        },
        {
            "Timestamp": "2021-01-18T17:07:44+00:00",
            "Maximum": 25.128729153860277,
            "Unit": "Percent"
        },
        {
            "Timestamp": "2021-01-18T17:13:54+00:00",
            "Maximum": 24.852909478457327,
            "Unit": "Percent"
        },
        {
            "Timestamp": "2021-01-18T17:02:34+00:00",
            "Maximum": 25.129128314027287,
            "Unit": "Percent"
        },
        {
            "Timestamp": "2021-01-18T17:08:44+00:00",
            "Maximum": 25.129926634361304,
            "Unit": "Percent"
        },
        {
            "Timestamp": "2021-01-18T17:14:54+00:00",
            "Maximum": 24.881649010481947,
            "Unit": "Percent"
        },
        {
            "Timestamp": "2021-01-18T17:03:34+00:00",
            "Maximum": 25.123939231856173,
            "Unit": "Percent"
        },
        {
            "Timestamp": "2021-01-18T17:09:44+00:00",
            "Maximum": 24.84891787678724,
            "Unit": "Percent"
        }
    ]
}
