{
    "Label": "mem_used_percent",
    "Datapoints": [
        {
            "Timestamp": "2021-01-18T16:49:05+00:00",
            "Maximum": 23.72288704565594,
            "Unit": "Percent"
        },
        {
            "Timestamp": "2021-01-18T16:58:35+00:00",
            "Maximum": 23.728076127827052,
            "Unit": "Percent"
        },
        {
            "Timestamp": "2021-01-18T16:47:15+00:00",
            "Maximum": 23.73206772949714,
            "Unit": "Percent"
        },
        {
            "Timestamp": "2021-01-18T16:52:55+00:00",
            "Maximum": 23.754819859016628,
            "Unit": "Percent"
        },
        {
            "Timestamp": "2021-01-18T16:51:05+00:00",
            "Maximum": 23.713307201647734,
            "Unit": "Percent"
        },
        {
            "Timestamp": "2021-01-18T16:56:45+00:00",
            "Maximum": 23.736857651501243,
            "Unit": "Percent"
        },
        {
            "Timestamp": "2021-01-18T16:52:45+00:00",
            "Maximum": 23.755219019183638,
            "Unit": "Percent"
        },
        {
            "Timestamp": "2021-01-18T16:58:25+00:00",
            "Maximum": 23.72887444816107,
            "Unit": "Percent"
        },
        {
            "Timestamp": "2021-01-18T16:47:05+00:00",
            "Maximum": 23.732866049831156,
            "Unit": "Percent"
        },
        {
            "Timestamp": "2021-01-18T16:50:55+00:00",
            "Maximum": 23.71410552198175,
            "Unit": "Percent"
        },
        {
            "Timestamp": "2021-01-18T16:56:35+00:00",
            "Maximum": 23.738055132002266,
            "Unit": "Percent"
        },
        {
            "Timestamp": "2021-01-18T16:45:15+00:00",
            "Maximum": 23.740849253171326,
            "Unit": "Percent"
        },
        {
            "Timestamp": "2021-01-18T16:54:45+00:00",
            "Maximum": 23.746437495509447,
            "Unit": "Percent"
        },
        {
            "Timestamp": "2021-01-18T16:56:25+00:00",
            "Maximum": 23.738454292169276,
            "Unit": "Percent"
        },
        {
            "Timestamp": "2021-01-18T16:50:45+00:00",
            "Maximum": 23.714903842315767,
            "Unit": "Percent"
        },
        {
            "Timestamp": "2021-01-18T16:45:05+00:00",
            "Maximum": 23.741647573505343,
            "Unit": "Percent"
        },
        {
            "Timestamp": "2021-01-18T16:56:55+00:00",
            "Maximum": 23.736458491334233,
            "Unit": "Percent"
        },
        {
            "Timestamp": "2021-01-18T16:51:15+00:00",
            "Maximum": 23.762403902189792,
            "Unit": "Percent"
        },
        {
            "Timestamp": "2021-01-18T16:45:35+00:00",
            "Maximum": 23.739651772670303,
            "Unit": "Percent"
        },
        {
            "Timestamp": "2021-01-18T16:54:25+00:00",
            "Maximum": 23.748034136177484,
            "Unit": "Percent"
        },
        {
            "Timestamp": "2021-01-18T16:48:45+00:00",
            "Maximum": 23.724483686323975,
            "Unit": "Percent"
        },
        {
            "Timestamp": "2021-01-18T16:54:55+00:00",
            "Maximum": 23.74563917517543,
            "Unit": "Percent"
        },
        {
            "Timestamp": "2021-01-18T16:49:15+00:00",
            "Maximum": 23.72248788548893,
            "Unit": "Percent"
        },
        {
            "Timestamp": "2021-01-18T16:55:15+00:00",
            "Maximum": 23.743643374340387,
            "Unit": "Percent"
        },
        {
            "Timestamp": "2021-01-18T16:58:05+00:00",
            "Maximum": 23.73166856933013,
            "Unit": "Percent"
        },
        {
            "Timestamp": "2021-01-18T16:46:45+00:00",
            "Maximum": 23.73446269049919,
            "Unit": "Percent"
        },
        {
            "Timestamp": "2021-01-18T16:56:15+00:00",
            "Maximum": 23.738853452336283,
            "Unit": "Percent"
        },
        {
            "Timestamp": "2021-01-18T16:59:05+00:00",
            "Maximum": 23.726080326992008,
            "Unit": "Percent"
        },
        {
            "Timestamp": "2021-01-18T16:47:45+00:00",
            "Maximum": 23.72927360832808,
            "Unit": "Percent"
        },
        {
            "Timestamp": "2021-01-18T16:53:15+00:00",
            "Maximum": 23.753223218348595,
            "Unit": "Percent"
        },
        {
            "Timestamp": "2021-01-18T16:56:05+00:00",
            "Maximum": 23.740849253171326,
            "Unit": "Percent"
        },
        {
            "Timestamp": "2021-01-18T16:57:05+00:00",
            "Maximum": 23.735660171000216,
            "Unit": "Percent"
        },
        {
            "Timestamp": "2021-01-18T16:54:15+00:00",
            "Maximum": 23.74843329634449,
            "Unit": "Percent"
        },
        {
            "Timestamp": "2021-01-18T16:45:45+00:00",
            "Maximum": 23.739651772670303,
            "Unit": "Percent"
        },
        {
            "Timestamp": "2021-01-18T16:59:15+00:00",
            "Maximum": 23.72488284649098,
            "Unit": "Percent"
        },
        {
            "Timestamp": "2021-01-18T16:47:55+00:00",
            "Maximum": 23.728475287994062,
            "Unit": "Percent"
        },
        {
            "Timestamp": "2021-01-18T16:54:05+00:00",
            "Maximum": 23.749630776845517,
            "Unit": "Percent"
        },
        {
            "Timestamp": "2021-01-18T16:48:55+00:00",
            "Maximum": 23.723685365989958,
            "Unit": "Percent"
        },
        {
            "Timestamp": "2021-01-18T16:55:05+00:00",
            "Maximum": 23.744840854841414,
            "Unit": "Percent"
        },
        {
            "Timestamp": "2021-01-18T16:57:15+00:00",
            "Maximum": 23.73446269049919,
            "Unit": "Percent"
        },
        {
            "Timestamp": "2021-01-18T16:45:55+00:00",
            "Maximum": 23.738055132002266,
            "Unit": "Percent"
        },
        {
            "Timestamp": "2021-01-18T16:52:05+00:00",
            "Maximum": 23.759210620853725,
            "Unit": "Percent"
        },
        {
            "Timestamp": "2021-01-18T16:58:15+00:00",
            "Maximum": 23.72927360832808,
            "Unit": "Percent"
        },
        {
            "Timestamp": "2021-01-18T16:46:55+00:00",
            "Maximum": 23.733265209998162,
            "Unit": "Percent"
        },
        {
            "Timestamp": "2021-01-18T16:53:05+00:00",
            "Maximum": 23.75402153868261,
            "Unit": "Percent"
        },
        {
            "Timestamp": "2021-01-18T16:51:55+00:00",
            "Maximum": 23.759609781020732,
            "Unit": "Percent"
        },
        {
            "Timestamp": "2021-01-18T16:46:15+00:00",
            "Maximum": 23.736458491334233,
            "Unit": "Percent"
        },
        {
            "Timestamp": "2021-01-18T16:55:45+00:00",
            "Maximum": 23.742046733672353,
            "Unit": "Percent"
        },
        {
            "Timestamp": "2021-01-18T16:50:05+00:00",
            "Maximum": 23.718097123651837,
            "Unit": "Percent"
        },
        {
            "Timestamp": "2021-01-18T16:59:35+00:00",
            "Maximum": 23.723685365989958,
            "Unit": "Percent"
        },
        {
            "Timestamp": "2021-01-18T16:53:55+00:00",
            "Maximum": 23.750029937012524,
            "Unit": "Percent"
        },
        {
            "Timestamp": "2021-01-18T16:55:35+00:00",
            "Maximum": 23.74284505400637,
            "Unit": "Percent"
        },
        {
            "Timestamp": "2021-01-18T16:49:55+00:00",
            "Maximum": 23.718496283818844,
            "Unit": "Percent"
        },
        {
            "Timestamp": "2021-01-18T16:59:25+00:00",
            "Maximum": 23.724084526156965,
            "Unit": "Percent"
        },
        {
            "Timestamp": "2021-01-18T16:53:45+00:00",
            "Maximum": 23.750828257346544,
            "Unit": "Percent"
        },
        {
            "Timestamp": "2021-01-18T16:48:05+00:00",
            "Maximum": 23.72767696766004,
            "Unit": "Percent"
        },
        {
            "Timestamp": "2021-01-18T16:57:35+00:00",
            "Maximum": 23.733664370165172,
            "Unit": "Percent"
        },
        {
            "Timestamp": "2021-01-18T16:57:25+00:00",
            "Maximum": 23.734063530332183,
            "Unit": "Percent"
        },
        {
            "Timestamp": "2021-01-18T16:46:05+00:00",
            "Maximum": 23.73765597183526,
            "Unit": "Percent"
        },
        {
            "Timestamp": "2021-01-18T16:51:45+00:00",
            "Maximum": 23.76040810135475,
            "Unit": "Percent"
        },
        {
            "Timestamp": "2021-01-18T16:52:15+00:00",
            "Maximum": 23.758412300519705,
            "Unit": "Percent"
        },
        {
            "Timestamp": "2021-01-18T16:57:55+00:00",
            "Maximum": 23.73166856933013,
            "Unit": "Percent"
        },
        {
            "Timestamp": "2021-01-18T16:48:15+00:00",
            "Maximum": 23.727277807493035,
            "Unit": "Percent"
        },
        {
            "Timestamp": "2021-01-18T16:49:45+00:00",
            "Maximum": 23.71969376431987,
            "Unit": "Percent"
        },
        {
            "Timestamp": "2021-01-18T16:55:25+00:00",
            "Maximum": 23.74284505400637,
            "Unit": "Percent"
        },
        {
            "Timestamp": "2021-01-18T16:50:15+00:00",
            "Maximum": 23.71729880331782,
            "Unit": "Percent"
        },
        {
            "Timestamp": "2021-01-18T16:55:55+00:00",
            "Maximum": 23.741248413338337,
            "Unit": "Percent"
        },
        {
            "Timestamp": "2021-01-18T16:49:35+00:00",
            "Maximum": 23.720492084653888,
            "Unit": "Percent"
        },
        {
            "Timestamp": "2021-01-18T16:52:25+00:00",
            "Maximum": 23.75761398018569,
            "Unit": "Percent"
        },
        {
            "Timestamp": "2021-01-18T16:53:25+00:00",
            "Maximum": 23.752824058181584,
            "Unit": "Percent"
        },
        {
            "Timestamp": "2021-01-18T16:50:35+00:00",
            "Maximum": 23.715702162649784,
            "Unit": "Percent"
        },
        {
            "Timestamp": "2021-01-18T16:46:35+00:00",
            "Maximum": 23.7348618506662,
            "Unit": "Percent"
        },
        {
            "Timestamp": "2021-01-18T16:58:55+00:00",
            "Maximum": 23.726878647326025,
            "Unit": "Percent"
        },
        {
            "Timestamp": "2021-01-18T16:50:25+00:00",
            "Maximum": 23.7165004829838,
            "Unit": "Percent"
        },
        {
            "Timestamp": "2021-01-18T16:47:35+00:00",
            "Maximum": 23.729672768495085,
            "Unit": "Percent"
        },
        {
            "Timestamp": "2021-01-18T16:59:55+00:00",
            "Maximum": 23.72208872532192,
            "Unit": "Percent"
        },
        {
            "Timestamp": "2021-01-18T16:48:35+00:00",
            "Maximum": 23.72488284649098,
            "Unit": "Percent"
        },
        {
            "Timestamp": "2021-01-18T16:51:25+00:00",
            "Maximum": 23.762403902189792,
            "Unit": "Percent"
        },
        {
            "Timestamp": "2021-01-18T16:47:25+00:00",
            "Maximum": 23.730471088829102,
            "Unit": "Percent"
        },
        {
            "Timestamp": "2021-01-18T16:53:35+00:00",
            "Maximum": 23.752025737847568,
            "Unit": "Percent"
        },
        {
            "Timestamp": "2021-01-18T16:59:45+00:00",
            "Maximum": 23.723685365989958,
            "Unit": "Percent"
        },
        {
            "Timestamp": "2021-01-18T16:48:25+00:00",
            "Maximum": 23.725681166825,
            "Unit": "Percent"
        },
        {
            "Timestamp": "2021-01-18T16:54:35+00:00",
            "Maximum": 23.748034136177484,
            "Unit": "Percent"
        },
        {
            "Timestamp": "2021-01-18T16:49:25+00:00",
            "Maximum": 23.720891244820898,
            "Unit": "Percent"
        },
        {
            "Timestamp": "2021-01-18T16:45:25+00:00",
            "Maximum": 23.739651772670303,
            "Unit": "Percent"
        },
        {
            "Timestamp": "2021-01-18T16:51:35+00:00",
            "Maximum": 23.761605581855775,
            "Unit": "Percent"
        },
        {
            "Timestamp": "2021-01-18T16:57:45+00:00",
            "Maximum": 23.732466889664146,
            "Unit": "Percent"
        },
        {
            "Timestamp": "2021-01-18T16:46:25+00:00",
            "Maximum": 23.735261010833206,
            "Unit": "Percent"
        },
        {
            "Timestamp": "2021-01-18T16:52:35+00:00",
            "Maximum": 23.75761398018569,
            "Unit": "Percent"
        },
        {
            "Timestamp": "2021-01-18T16:58:45+00:00",
            "Maximum": 23.726878647326025,
            "Unit": "Percent"
        }
    ]
}
