{
    "Label": "mem_used_percent",
    "Datapoints": [
        {
            "Timestamp": "2021-01-18T17:16:43+00:00",
            "Maximum": 23.534882606994884,
            "Unit": "Percent"
        },
        {
            "Timestamp": "2021-01-18T17:20:33+00:00",
            "Maximum": 23.528496044322743,
            "Unit": "Percent"
        },
        {
            "Timestamp": "2021-01-18T17:26:13+00:00",
            "Maximum": 23.532088485825824,
            "Unit": "Percent"
        },
        {
            "Timestamp": "2021-01-18T17:18:43+00:00",
            "Maximum": 23.853412420267755,
            "Unit": "Percent"
        },
        {
            "Timestamp": "2021-01-18T17:24:23+00:00",
            "Maximum": 23.56960954152463,
            "Unit": "Percent"
        },
        {
            "Timestamp": "2021-01-18T17:20:23+00:00",
            "Maximum": 23.528895204489753,
            "Unit": "Percent"
        },
        {
            "Timestamp": "2021-01-18T17:29:53+00:00",
            "Maximum": 23.511332157141375,
            "Unit": "Percent"
        },
        {
            "Timestamp": "2021-01-18T17:24:13+00:00",
            "Maximum": 23.57000870169164,
            "Unit": "Percent"
        },
        {
            "Timestamp": "2021-01-18T17:18:33+00:00",
            "Maximum": 23.52689940365471,
            "Unit": "Percent"
        },
        {
            "Timestamp": "2021-01-18T17:28:03+00:00",
            "Maximum": 23.520512840982573,
            "Unit": "Percent"
        },
        {
            "Timestamp": "2021-01-18T17:22:23+00:00",
            "Maximum": 23.519714520648556,
            "Unit": "Percent"
        },
        {
            "Timestamp": "2021-01-18T17:15:03+00:00",
            "Maximum": 23.54366413066907,
            "Unit": "Percent"
        },
        {
            "Timestamp": "2021-01-18T17:27:53+00:00",
            "Maximum": 23.520912001149583,
            "Unit": "Percent"
        },
        {
            "Timestamp": "2021-01-18T17:22:13+00:00",
            "Maximum": 23.520512840982573,
            "Unit": "Percent"
        },
        {
            "Timestamp": "2021-01-18T17:16:33+00:00",
            "Maximum": 23.536479247662918,
            "Unit": "Percent"
        },
        {
            "Timestamp": "2021-01-18T17:28:23+00:00",
            "Maximum": 23.518117879980522,
            "Unit": "Percent"
        },
        {
            "Timestamp": "2021-01-18T17:22:43+00:00",
            "Maximum": 23.518117879980522,
            "Unit": "Percent"
        },
        {
            "Timestamp": "2021-01-18T17:17:03+00:00",
            "Maximum": 23.534483446827874,
            "Unit": "Percent"
        },
        {
            "Timestamp": "2021-01-18T17:25:53+00:00",
            "Maximum": 23.58797090920703,
            "Unit": "Percent"
        },
        {
            "Timestamp": "2021-01-18T17:20:13+00:00",
            "Maximum": 23.52969352482377,
            "Unit": "Percent"
        },
        {
            "Timestamp": "2021-01-18T17:26:23+00:00",
            "Maximum": 23.530891005324797,
            "Unit": "Percent"
        },
        {
            "Timestamp": "2021-01-18T17:20:43+00:00",
            "Maximum": 23.52689940365471,
            "Unit": "Percent"
        },
        {
            "Timestamp": "2021-01-18T17:28:33+00:00",
            "Maximum": 23.517319559646502,
            "Unit": "Percent"
        },
        {
            "Timestamp": "2021-01-18T17:25:43+00:00",
            "Maximum": 23.588370069374037,
            "Unit": "Percent"
        },
        {
            "Timestamp": "2021-01-18T17:17:13+00:00",
            "Maximum": 23.53248764599283,
            "Unit": "Percent"
        },
        {
            "Timestamp": "2021-01-18T17:26:43+00:00",
            "Maximum": 23.52969352482377,
            "Unit": "Percent"
        },
        {
            "Timestamp": "2021-01-18T17:29:33+00:00",
            "Maximum": 23.51292879780941,
            "Unit": "Percent"
        },
        {
            "Timestamp": "2021-01-18T17:18:13+00:00",
            "Maximum": 23.528096884155737,
            "Unit": "Percent"
        },
        {
            "Timestamp": "2021-01-18T17:15:23+00:00",
            "Maximum": 23.541668329834028,
            "Unit": "Percent"
        },
        {
            "Timestamp": "2021-01-18T17:26:33+00:00",
            "Maximum": 23.530491845157787,
            "Unit": "Percent"
        },
        {
            "Timestamp": "2021-01-18T17:23:43+00:00",
            "Maximum": 23.513727118143425,
            "Unit": "Percent"
        },
        {
            "Timestamp": "2021-01-18T17:15:13+00:00",
            "Maximum": 23.542466650168045,
            "Unit": "Percent"
        },
        {
            "Timestamp": "2021-01-18T17:24:43+00:00",
            "Maximum": 23.568012900856598,
            "Unit": "Percent"
        },
        {
            "Timestamp": "2021-01-18T17:27:33+00:00",
            "Maximum": 23.525701923153683,
            "Unit": "Percent"
        },
        {
            "Timestamp": "2021-01-18T17:16:13+00:00",
            "Maximum": 23.537676728163945,
            "Unit": "Percent"
        },
        {
            "Timestamp": "2021-01-18T17:18:23+00:00",
            "Maximum": 23.52729856382172,
            "Unit": "Percent"
        },
        {
            "Timestamp": "2021-01-18T17:24:33+00:00",
            "Maximum": 23.569210381357625,
            "Unit": "Percent"
        },
        {
            "Timestamp": "2021-01-18T17:19:23+00:00",
            "Maximum": 23.50973551647334,
            "Unit": "Percent"
        },
        {
            "Timestamp": "2021-01-18T17:25:33+00:00",
            "Maximum": 23.589567549875063,
            "Unit": "Percent"
        },
        {
            "Timestamp": "2021-01-18T17:27:43+00:00",
            "Maximum": 23.525302762986676,
            "Unit": "Percent"
        },
        {
            "Timestamp": "2021-01-18T17:16:23+00:00",
            "Maximum": 23.536878407829924,
            "Unit": "Percent"
        },
        {
            "Timestamp": "2021-01-18T17:22:33+00:00",
            "Maximum": 23.519315360481546,
            "Unit": "Percent"
        },
        {
            "Timestamp": "2021-01-18T17:28:43+00:00",
            "Maximum": 23.516920399479496,
            "Unit": "Percent"
        },
        {
            "Timestamp": "2021-01-18T17:17:23+00:00",
            "Maximum": 23.532088485825824,
            "Unit": "Percent"
        },
        {
            "Timestamp": "2021-01-18T17:23:33+00:00",
            "Maximum": 23.514924598644452,
            "Unit": "Percent"
        },
        {
            "Timestamp": "2021-01-18T17:29:43+00:00",
            "Maximum": 23.512529637642402,
            "Unit": "Percent"
        },
        {
            "Timestamp": "2021-01-18T17:19:33+00:00",
            "Maximum": 23.508538035972315,
            "Unit": "Percent"
        },
        {
            "Timestamp": "2021-01-18T17:29:03+00:00",
            "Maximum": 23.515323758811462,
            "Unit": "Percent"
        },
        {
            "Timestamp": "2021-01-18T17:23:23+00:00",
            "Maximum": 23.51572291897847,
            "Unit": "Percent"
        },
        {
            "Timestamp": "2021-01-18T17:17:43+00:00",
            "Maximum": 23.53009268499078,
            "Unit": "Percent"
        },
        {
            "Timestamp": "2021-01-18T17:27:13+00:00",
            "Maximum": 23.527697723988727,
            "Unit": "Percent"
        },
        {
            "Timestamp": "2021-01-18T17:21:33+00:00",
            "Maximum": 23.523706122318643,
            "Unit": "Percent"
        },
        {
            "Timestamp": "2021-01-18T17:23:13+00:00",
            "Maximum": 23.51612207914548,
            "Unit": "Percent"
        },
        {
            "Timestamp": "2021-01-18T17:17:33+00:00",
            "Maximum": 23.531290165491804,
            "Unit": "Percent"
        },
        {
            "Timestamp": "2021-01-18T17:27:03+00:00",
            "Maximum": 23.527697723988727,
            "Unit": "Percent"
        },
        {
            "Timestamp": "2021-01-18T17:15:43+00:00",
            "Maximum": 23.540071689165995,
            "Unit": "Percent"
        },
        {
            "Timestamp": "2021-01-18T17:21:23+00:00",
            "Maximum": 23.52450444265266,
            "Unit": "Percent"
        },
        {
            "Timestamp": "2021-01-18T17:25:13+00:00",
            "Maximum": 23.59076503037609,
            "Unit": "Percent"
        },
        {
            "Timestamp": "2021-01-18T17:26:53+00:00",
            "Maximum": 23.528496044322743,
            "Unit": "Percent"
        },
        {
            "Timestamp": "2021-01-18T17:15:33+00:00",
            "Maximum": 23.54087000950001,
            "Unit": "Percent"
        },
        {
            "Timestamp": "2021-01-18T17:21:13+00:00",
            "Maximum": 23.524903602819666,
            "Unit": "Percent"
        },
        {
            "Timestamp": "2021-01-18T17:27:23+00:00",
            "Maximum": 23.526101083320693,
            "Unit": "Percent"
        },
        {
            "Timestamp": "2021-01-18T17:21:43+00:00",
            "Maximum": 23.522907801984623,
            "Unit": "Percent"
        },
        {
            "Timestamp": "2021-01-18T17:16:03+00:00",
            "Maximum": 23.538874208664968,
            "Unit": "Percent"
        },
        {
            "Timestamp": "2021-01-18T17:28:53+00:00",
            "Maximum": 23.51612207914548,
            "Unit": "Percent"
        },
        {
            "Timestamp": "2021-01-18T17:24:53+00:00",
            "Maximum": 23.592361671044124,
            "Unit": "Percent"
        },
        {
            "Timestamp": "2021-01-18T17:19:13+00:00",
            "Maximum": 23.510134676640348,
            "Unit": "Percent"
        },
        {
            "Timestamp": "2021-01-18T17:25:23+00:00",
            "Maximum": 23.58996671004207,
            "Unit": "Percent"
        },
        {
            "Timestamp": "2021-01-18T17:19:43+00:00",
            "Maximum": 23.532088485825824,
            "Unit": "Percent"
        },
        {
            "Timestamp": "2021-01-18T17:22:53+00:00",
            "Maximum": 23.517718719813512,
            "Unit": "Percent"
        },
        {
            "Timestamp": "2021-01-18T17:20:03+00:00",
            "Maximum": 23.530891005324797,
            "Unit": "Percent"
        },
        {
            "Timestamp": "2021-01-18T17:21:03+00:00",
            "Maximum": 23.526500243487703,
            "Unit": "Percent"
        },
        {
            "Timestamp": "2021-01-18T17:23:53+00:00",
            "Maximum": 23.51332795797642,
            "Unit": "Percent"
        },
        {
            "Timestamp": "2021-01-18T17:29:23+00:00",
            "Maximum": 23.51332795797642,
            "Unit": "Percent"
        },
        {
            "Timestamp": "2021-01-18T17:18:03+00:00",
            "Maximum": 23.528895204489753,
            "Unit": "Percent"
        },
        {
            "Timestamp": "2021-01-18T17:20:53+00:00",
            "Maximum": 23.526500243487703,
            "Unit": "Percent"
        },
        {
            "Timestamp": "2021-01-18T17:19:03+00:00",
            "Maximum": 23.51173131730838,
            "Unit": "Percent"
        },
        {
            "Timestamp": "2021-01-18T17:21:53+00:00",
            "Maximum": 23.522109481650606,
            "Unit": "Percent"
        },
        {
            "Timestamp": "2021-01-18T17:24:03+00:00",
            "Maximum": 23.541668329834028,
            "Unit": "Percent"
        },
        {
            "Timestamp": "2021-01-18T17:18:53+00:00",
            "Maximum": 23.51213047747539,
            "Unit": "Percent"
        },
        {
            "Timestamp": "2021-01-18T17:25:03+00:00",
            "Maximum": 23.591563350710107,
            "Unit": "Percent"
        },
        {
            "Timestamp": "2021-01-18T17:19:53+00:00",
            "Maximum": 23.531689325658814,
            "Unit": "Percent"
        },
        {
            "Timestamp": "2021-01-18T17:26:03+00:00",
            "Maximum": 23.53248764599283,
            "Unit": "Percent"
        },
        {
            "Timestamp": "2021-01-18T17:15:53+00:00",
            "Maximum": 23.539672528998985,
            "Unit": "Percent"
        },
        {
            "Timestamp": "2021-01-18T17:22:03+00:00",
            "Maximum": 23.5217103214836,
            "Unit": "Percent"
        },
        {
            "Timestamp": "2021-01-18T17:28:13+00:00",
            "Maximum": 23.519714520648556,
            "Unit": "Percent"
        },
        {
            "Timestamp": "2021-01-18T17:16:53+00:00",
            "Maximum": 23.534882606994884,
            "Unit": "Percent"
        },
        {
            "Timestamp": "2021-01-18T17:23:03+00:00",
            "Maximum": 23.517319559646502,
            "Unit": "Percent"
        },
        {
            "Timestamp": "2021-01-18T17:29:13+00:00",
            "Maximum": 23.514924598644452,
            "Unit": "Percent"
        },
        {
            "Timestamp": "2021-01-18T17:17:53+00:00",
            "Maximum": 23.529294364656764,
            "Unit": "Percent"
        }
    ]
}
