{
    "Label": "RequestCount",
    "Datapoints": [
        {
            "Timestamp": "2021-01-18T16:53:00+00:00",
            "Sum": 283.0,
            "Unit": "Count"
        },
        {
            "Timestamp": "2021-01-18T16:52:00+00:00",
            "Sum": 285.0,
            "Unit": "Count"
        },
        {
            "Timestamp": "2021-01-18T16:46:00+00:00",
            "Sum": 281.0,
            "Unit": "Count"
        },
        {
            "Timestamp": "2021-01-18T16:55:00+00:00",
            "Sum": 270.0,
            "Unit": "Count"
        },
        {
            "Timestamp": "2021-01-18T16:45:00+00:00",
            "Sum": 268.0,
            "Unit": "Count"
        },
        {
            "Timestamp": "2021-01-18T16:54:00+00:00",
            "Sum": 274.0,
            "Unit": "Count"
        },
        {
            "Timestamp": "2021-01-18T16:49:00+00:00",
            "Sum": 276.0,
            "Unit": "Count"
        },
        {
            "Timestamp": "2021-01-18T16:48:00+00:00",
            "Sum": 272.0,
            "Unit": "Count"
        },
        {
            "Timestamp": "2021-01-18T16:57:00+00:00",
            "Sum": 261.0,
            "Unit": "Count"
        },
        {
            "Timestamp": "2021-01-18T16:47:00+00:00",
            "Sum": 276.0,
            "Unit": "Count"
        },
        {
            "Timestamp": "2021-01-18T16:56:00+00:00",
            "Sum": 266.0,
            "Unit": "Count"
        },
        {
            "Timestamp": "2021-01-18T16:51:00+00:00",
            "Sum": 284.0,
            "Unit": "Count"
        },
        {
            "Timestamp": "2021-01-18T16:50:00+00:00",
            "Sum": 282.0,
            "Unit": "Count"
        },
        {
            "Timestamp": "2021-01-18T16:59:00+00:00",
            "Sum": 287.0,
            "Unit": "Count"
        },
        {
            "Timestamp": "2021-01-18T16:58:00+00:00",
            "Sum": 287.0,
            "Unit": "Count"
        }
    ]
}
