{
    "Label": "RequestCount",
    "Datapoints": [
        {
            "Timestamp": "2021-01-18T16:35:00+00:00",
            "Sum": 183.0,
            "Unit": "Count"
        },
        {
            "Timestamp": "2021-01-18T16:44:00+00:00",
            "Sum": 262.0,
            "Unit": "Count"
        },
        {
            "Timestamp": "2021-01-18T16:43:00+00:00",
            "Sum": 276.0,
            "Unit": "Count"
        },
        {
            "Timestamp": "2021-01-18T16:34:00+00:00",
            "Sum": 17.0,
            "Unit": "Count"
        },
        {
            "Timestamp": "2021-01-18T16:38:00+00:00",
            "Sum": 285.0,
            "Unit": "Count"
        },
        {
            "Timestamp": "2021-01-18T16:37:00+00:00",
            "Sum": 283.0,
            "Unit": "Count"
        },
        {
            "Timestamp": "2021-01-18T16:36:00+00:00",
            "Sum": 288.0,
            "Unit": "Count"
        },
        {
            "Timestamp": "2021-01-18T16:31:00+00:00",
            "Sum": 0.0,
            "Unit": "Count"
        },
        {
            "Timestamp": "2021-01-18T16:40:00+00:00",
            "Sum": 285.0,
            "Unit": "Count"
        },
        {
            "Timestamp": "2021-01-18T16:30:00+00:00",
            "Sum": 0.0,
            "Unit": "Count"
        },
        {
            "Timestamp": "2021-01-18T16:39:00+00:00",
            "Sum": 276.0,
            "Unit": "Count"
        },
        {
            "Timestamp": "2021-01-18T16:42:00+00:00",
            "Sum": 273.0,
            "Unit": "Count"
        },
        {
            "Timestamp": "2021-01-18T16:33:00+00:00",
            "Sum": 0.0,
            "Unit": "Count"
        },
        {
            "Timestamp": "2021-01-18T16:32:00+00:00",
            "Sum": 0.0,
            "Unit": "Count"
        },
        {
            "Timestamp": "2021-01-18T16:41:00+00:00",
            "Sum": 278.0,
            "Unit": "Count"
        }
    ]
}
