{
    "Label": "RequestCount",
    "Datapoints": [
        {
            "Timestamp": "2021-01-18T17:20:00+00:00",
            "Sum": 280.0,
            "Unit": "Count"
        },
        {
            "Timestamp": "2021-01-18T17:19:00+00:00",
            "Sum": 271.0,
            "Unit": "Count"
        },
        {
            "Timestamp": "2021-01-18T17:28:00+00:00",
            "Sum": 273.0,
            "Unit": "Count"
        },
        {
            "Timestamp": "2021-01-18T17:18:00+00:00",
            "Sum": 280.0,
            "Unit": "Count"
        },
        {
            "Timestamp": "2021-01-18T17:27:00+00:00",
            "Sum": 276.0,
            "Unit": "Count"
        },
        {
            "Timestamp": "2021-01-18T17:22:00+00:00",
            "Sum": 276.0,
            "Unit": "Count"
        },
        {
            "Timestamp": "2021-01-18T17:31:00+00:00",
            "Sum": 282.0,
            "Unit": "Count"
        },
        {
            "Timestamp": "2021-01-18T17:30:00+00:00",
            "Sum": 280.0,
            "Unit": "Count"
        },
        {
            "Timestamp": "2021-01-18T17:21:00+00:00",
            "Sum": 277.0,
            "Unit": "Count"
        },
        {
            "Timestamp": "2021-01-18T17:29:00+00:00",
            "Sum": 269.0,
            "Unit": "Count"
        },
        {
            "Timestamp": "2021-01-18T17:24:00+00:00",
            "Sum": 277.0,
            "Unit": "Count"
        },
        {
            "Timestamp": "2021-01-18T17:33:00+00:00",
            "Sum": 277.0,
            "Unit": "Count"
        },
        {
            "Timestamp": "2021-01-18T17:15:00+00:00",
            "Sum": 272.0,
            "Unit": "Count"
        },
        {
            "Timestamp": "2021-01-18T17:23:00+00:00",
            "Sum": 277.0,
            "Unit": "Count"
        },
        {
            "Timestamp": "2021-01-18T17:32:00+00:00",
            "Sum": 280.0,
            "Unit": "Count"
        },
        {
            "Timestamp": "2021-01-18T17:17:00+00:00",
            "Sum": 278.0,
            "Unit": "Count"
        },
        {
            "Timestamp": "2021-01-18T17:26:00+00:00",
            "Sum": 285.0,
            "Unit": "Count"
        },
        {
            "Timestamp": "2021-01-18T17:25:00+00:00",
            "Sum": 273.0,
            "Unit": "Count"
        },
        {
            "Timestamp": "2021-01-18T17:34:00+00:00",
            "Sum": 122.0,
            "Unit": "Count"
        },
        {
            "Timestamp": "2021-01-18T17:16:00+00:00",
            "Sum": 272.0,
            "Unit": "Count"
        }
    ]
}
