{
    "Label": "RequestCount",
    "Datapoints": [
        {
            "Timestamp": "2021-01-18T17:02:00+00:00",
            "Sum": 271.0,
            "Unit": "Count"
        },
        {
            "Timestamp": "2021-01-18T17:11:00+00:00",
            "Sum": 277.0,
            "Unit": "Count"
        },
        {
            "Timestamp": "2021-01-18T17:01:00+00:00",
            "Sum": 276.0,
            "Unit": "Count"
        },
        {
            "Timestamp": "2021-01-18T17:10:00+00:00",
            "Sum": 273.0,
            "Unit": "Count"
        },
        {
            "Timestamp": "2021-01-18T17:09:00+00:00",
            "Sum": 271.0,
            "Unit": "Count"
        },
        {
            "Timestamp": "2021-01-18T17:13:00+00:00",
            "Sum": 280.0,
            "Unit": "Count"
        },
        {
            "Timestamp": "2021-01-18T17:04:00+00:00",
            "Sum": 277.0,
            "Unit": "Count"
        },
        {
            "Timestamp": "2021-01-18T17:03:00+00:00",
            "Sum": 270.0,
            "Unit": "Count"
        },
        {
            "Timestamp": "2021-01-18T17:12:00+00:00",
            "Sum": 281.0,
            "Unit": "Count"
        },
        {
            "Timestamp": "2021-01-18T17:06:00+00:00",
            "Sum": 284.0,
            "Unit": "Count"
        },
        {
            "Timestamp": "2021-01-18T17:14:00+00:00",
            "Sum": 279.0,
            "Unit": "Count"
        },
        {
            "Timestamp": "2021-01-18T17:05:00+00:00",
            "Sum": 276.0,
            "Unit": "Count"
        },
        {
            "Timestamp": "2021-01-18T17:00:00+00:00",
            "Sum": 282.0,
            "Unit": "Count"
        },
        {
            "Timestamp": "2021-01-18T17:08:00+00:00",
            "Sum": 274.0,
            "Unit": "Count"
        },
        {
            "Timestamp": "2021-01-18T17:07:00+00:00",
            "Sum": 272.0,
            "Unit": "Count"
        }
    ]
}
