{
    "Label": "CPUCreditBalance",
    "Datapoints": [
        {
            "Timestamp": "2021-01-18T12:10:00+00:00",
            "Maximum": 27.327592,
            "Unit": "Count"
        },
        {
            "Timestamp": "2021-01-18T12:45:00+00:00",
            "Maximum": 19.341305,
            "Unit": "Count"
        },
        {
            "Timestamp": "2021-01-18T12:35:00+00:00",
            "Maximum": 21.684549,
            "Unit": "Count"
        },
        {
            "Timestamp": "2021-01-18T12:00:00+00:00",
            "Maximum": 29.423765,
            "Unit": "Count"
        },
        {
            "Timestamp": "2021-01-18T12:30:00+00:00",
            "Maximum": 22.768188,
            "Unit": "Count"
        },
        {
            "Timestamp": "2021-01-18T11:55:00+00:00",
            "Maximum": 30.502071,
            "Unit": "Count"
        },
        {
            "Timestamp": "2021-01-18T12:20:00+00:00",
            "Maximum": 25.106261,
            "Unit": "Count"
        },
        {
            "Timestamp": "2021-01-18T12:50:00+00:00",
            "Maximum": 18.240786,
            "Unit": "Count"
        },
        {
            "Timestamp": "2021-01-18T12:05:00+00:00",
            "Maximum": 28.419831,
            "Unit": "Count"
        },
        {
            "Timestamp": "2021-01-18T12:40:00+00:00",
            "Maximum": 20.571183,
            "Unit": "Count"
        },
        {
            "Timestamp": "2021-01-18T12:25:00+00:00",
            "Maximum": 24.018023,
            "Unit": "Count"
        },
        {
            "Timestamp": "2021-01-18T12:15:00+00:00",
            "Maximum": 26.37642,
            "Unit": "Count"
        }
    ]
}
