{
    "Label": "CPUCreditBalance",
    "Datapoints": [
        {
            "Timestamp": "2021-01-18T12:10:00+00:00",
            "Maximum": 26.953737,
            "Unit": "Count"
        },
        {
            "Timestamp": "2021-01-18T12:45:00+00:00",
            "Maximum": 18.67862,
            "Unit": "Count"
        },
        {
            "Timestamp": "2021-01-18T12:35:00+00:00",
            "Maximum": 20.876045,
            "Unit": "Count"
        },
        {
            "Timestamp": "2021-01-18T12:00:00+00:00",
            "Maximum": 29.32826,
            "Unit": "Count"
        },
        {
            "Timestamp": "2021-01-18T12:30:00+00:00",
            "Maximum": 22.11346,
            "Unit": "Count"
        },
        {
            "Timestamp": "2021-01-18T11:55:00+00:00",
            "Maximum": 30.52447,
            "Unit": "Count"
        },
        {
            "Timestamp": "2021-01-18T12:20:00+00:00",
            "Maximum": 24.880057,
            "Unit": "Count"
        },
        {
            "Timestamp": "2021-01-18T12:50:00+00:00",
            "Maximum": 17.444091,
            "Unit": "Count"
        },
        {
            "Timestamp": "2021-01-18T12:05:00+00:00",
            "Maximum": 28.079421,
            "Unit": "Count"
        },
        {
            "Timestamp": "2021-01-18T12:40:00+00:00",
            "Maximum": 19.763008,
            "Unit": "Count"
        },
        {
            "Timestamp": "2021-01-18T12:25:00+00:00",
            "Maximum": 23.356069,
            "Unit": "Count"
        },
        {
            "Timestamp": "2021-01-18T12:15:00+00:00",
            "Maximum": 25.862984,
            "Unit": "Count"
        }
    ]
}
