{
    "Label": "CPUCreditBalance",
    "Datapoints": [
        {
            "Timestamp": "2021-01-18T12:10:00+00:00",
            "Maximum": 26.845314,
            "Unit": "Count"
        },
        {
            "Timestamp": "2021-01-18T12:45:00+00:00",
            "Maximum": 17.96453,
            "Unit": "Count"
        },
        {
            "Timestamp": "2021-01-18T12:35:00+00:00",
            "Maximum": 20.547403,
            "Unit": "Count"
        },
        {
            "Timestamp": "2021-01-18T12:00:00+00:00",
            "Maximum": 29.355892,
            "Unit": "Count"
        },
        {
            "Timestamp": "2021-01-18T12:30:00+00:00",
            "Maximum": 21.647825,
            "Unit": "Count"
        },
        {
            "Timestamp": "2021-01-18T11:55:00+00:00",
            "Maximum": 30.472406,
            "Unit": "Count"
        },
        {
            "Timestamp": "2021-01-18T12:20:00+00:00",
            "Maximum": 23.913751,
            "Unit": "Count"
        },
        {
            "Timestamp": "2021-01-18T12:50:00+00:00",
            "Maximum": 16.861153,
            "Unit": "Count"
        },
        {
            "Timestamp": "2021-01-18T12:05:00+00:00",
            "Maximum": 28.206609,
            "Unit": "Count"
        },
        {
            "Timestamp": "2021-01-18T12:40:00+00:00",
            "Maximum": 19.169981,
            "Unit": "Count"
        },
        {
            "Timestamp": "2021-01-18T12:25:00+00:00",
            "Maximum": 22.796896,
            "Unit": "Count"
        },
        {
            "Timestamp": "2021-01-18T12:15:00+00:00",
            "Maximum": 25.329554,
            "Unit": "Count"
        }
    ]
}
