{
    "Label": "CPUUtilization",
    "Datapoints": [
        {
            "Timestamp": "2021-01-18T12:21:00+00:00",
            "Maximum": 34.6666666666668,
            "Unit": "Percent"
        },
        {
            "Timestamp": "2021-01-18T12:31:00+00:00",
            "Maximum": 40.9999999999999,
            "Unit": "Percent"
        },
        {
            "Timestamp": "2021-01-18T11:56:00+00:00",
            "Maximum": 36.5,
            "Unit": "Percent"
        },
        {
            "Timestamp": "2021-01-18T12:41:00+00:00",
            "Maximum": 38.5,
            "Unit": "Percent"
        },
        {
            "Timestamp": "2021-01-18T12:06:00+00:00",
            "Maximum": 47.1666666666667,
            "Unit": "Percent"
        },
        {
            "Timestamp": "2021-01-18T12:51:00+00:00",
            "Maximum": 29.0000000000002,
            "Unit": "Percent"
        },
        {
            "Timestamp": "2021-01-18T12:16:00+00:00",
            "Maximum": 39.0,
            "Unit": "Percent"
        },
        {
            "Timestamp": "2021-01-18T12:26:00+00:00",
            "Maximum": 38.5,
            "Unit": "Percent"
        },
        {
            "Timestamp": "2021-01-18T12:36:00+00:00",
            "Maximum": 39.8360655737706,
            "Unit": "Percent"
        },
        {
            "Timestamp": "2021-01-18T12:01:00+00:00",
            "Maximum": 39.8333333333333,
            "Unit": "Percent"
        },
        {
            "Timestamp": "2021-01-18T12:46:00+00:00",
            "Maximum": 41.0169491525425,
            "Unit": "Percent"
        },
        {
            "Timestamp": "2021-01-18T12:11:00+00:00",
            "Maximum": 45.0819672131148,
            "Unit": "Percent"
        }
    ]
}
