{
    "Label": "CPUUtilization",
    "Datapoints": [
        {
            "Timestamp": "2021-01-18T12:39:00+00:00",
            "Maximum": 41.9672131147541,
            "Unit": "Percent"
        },
        {
            "Timestamp": "2021-01-18T12:04:00+00:00",
            "Maximum": 35.3333333333334,
            "Unit": "Percent"
        },
        {
            "Timestamp": "2021-01-18T12:49:00+00:00",
            "Maximum": 35.6666666666664,
            "Unit": "Percent"
        },
        {
            "Timestamp": "2021-01-18T12:14:00+00:00",
            "Maximum": 38.813559322034,
            "Unit": "Percent"
        },
        {
            "Timestamp": "2021-01-18T12:24:00+00:00",
            "Maximum": 39.0163934426229,
            "Unit": "Percent"
        },
        {
            "Timestamp": "2021-01-18T12:34:00+00:00",
            "Maximum": 34.6666666666666,
            "Unit": "Percent"
        },
        {
            "Timestamp": "2021-01-18T11:59:00+00:00",
            "Maximum": 37.5,
            "Unit": "Percent"
        },
        {
            "Timestamp": "2021-01-18T12:44:00+00:00",
            "Maximum": 40.4918032786886,
            "Unit": "Percent"
        },
        {
            "Timestamp": "2021-01-18T12:09:00+00:00",
            "Maximum": 36.1666666666667,
            "Unit": "Percent"
        },
        {
            "Timestamp": "2021-01-18T12:19:00+00:00",
            "Maximum": 37.0000000000001,
            "Unit": "Percent"
        },
        {
            "Timestamp": "2021-01-18T12:29:00+00:00",
            "Maximum": 36.6666666666667,
            "Unit": "Percent"
        },
        {
            "Timestamp": "2021-01-18T11:54:00+00:00",
            "Maximum": 37.5409836065574,
            "Unit": "Percent"
        }
    ]
}
