{
    "Label": "CPUUtilization",
    "Datapoints": [
        {
            "Timestamp": "2021-01-18T12:03:00+00:00",
            "Maximum": 39.0000000000001,
            "Unit": "Percent"
        },
        {
            "Timestamp": "2021-01-18T12:48:00+00:00",
            "Maximum": 42.2033898305086,
            "Unit": "Percent"
        },
        {
            "Timestamp": "2021-01-18T12:13:00+00:00",
            "Maximum": 34.6666666666667,
            "Unit": "Percent"
        },
        {
            "Timestamp": "2021-01-18T12:23:00+00:00",
            "Maximum": 37.1666666666666,
            "Unit": "Percent"
        },
        {
            "Timestamp": "2021-01-18T12:33:00+00:00",
            "Maximum": 40.9836065573771,
            "Unit": "Percent"
        },
        {
            "Timestamp": "2021-01-18T11:58:00+00:00",
            "Maximum": 45.0,
            "Unit": "Percent"
        },
        {
            "Timestamp": "2021-01-18T12:43:00+00:00",
            "Maximum": 36.8333333333332,
            "Unit": "Percent"
        },
        {
            "Timestamp": "2021-01-18T12:08:00+00:00",
            "Maximum": 41.1864406779661,
            "Unit": "Percent"
        },
        {
            "Timestamp": "2021-01-18T12:18:00+00:00",
            "Maximum": 48.8333333333333,
            "Unit": "Percent"
        },
        {
            "Timestamp": "2021-01-18T12:28:00+00:00",
            "Maximum": 39.6666666666668,
            "Unit": "Percent"
        },
        {
            "Timestamp": "2021-01-18T11:53:00+00:00",
            "Maximum": 35.6666666666667,
            "Unit": "Percent"
        },
        {
            "Timestamp": "2021-01-18T12:38:00+00:00",
            "Maximum": 38.0000000000001,
            "Unit": "Percent"
        }
    ]
}
