{
    "Label": "mem_used_percent",
    "Datapoints": [
        {
            "Timestamp": "2021-01-18T12:10:03+00:00",
            "Maximum": 23.357256332676048,
            "Unit": "Percent"
        },
        {
            "Timestamp": "2021-01-18T12:19:33+00:00",
            "Maximum": 23.483390945450772,
            "Unit": "Percent"
        },
        {
            "Timestamp": "2021-01-18T12:13:53+00:00",
            "Maximum": 23.493369949625986,
            "Unit": "Percent"
        },
        {
            "Timestamp": "2021-01-18T12:08:13+00:00",
            "Maximum": 23.37721434102648,
            "Unit": "Percent"
        },
        {
            "Timestamp": "2021-01-18T12:17:43+00:00",
            "Maximum": 23.538874208664968,
            "Unit": "Percent"
        },
        {
            "Timestamp": "2021-01-18T12:12:03+00:00",
            "Maximum": 23.322928558313308,
            "Unit": "Percent"
        },
        {
            "Timestamp": "2021-01-18T12:08:03+00:00",
            "Maximum": 23.37721434102648,
            "Unit": "Percent"
        },
        {
            "Timestamp": "2021-01-18T12:13:43+00:00",
            "Maximum": 23.46902117943846,
            "Unit": "Percent"
        },
        {
            "Timestamp": "2021-01-18T12:17:33+00:00",
            "Maximum": 23.539672528998985,
            "Unit": "Percent"
        },
        {
            "Timestamp": "2021-01-18T12:11:53+00:00",
            "Maximum": 23.324525198981345,
            "Unit": "Percent"
        },
        {
            "Timestamp": "2021-01-18T12:21:23+00:00",
            "Maximum": 23.47460942177658,
            "Unit": "Percent"
        },
        {
            "Timestamp": "2021-01-18T12:15:43+00:00",
            "Maximum": 23.484987586118805,
            "Unit": "Percent"
        },
        {
            "Timestamp": "2021-01-18T12:15:33+00:00",
            "Maximum": 23.486185066619832,
            "Unit": "Percent"
        },
        {
            "Timestamp": "2021-01-18T12:21:13+00:00",
            "Maximum": 23.47500858194359,
            "Unit": "Percent"
        },
        {
            "Timestamp": "2021-01-18T12:09:53+00:00",
            "Maximum": 23.35805465301007,
            "Unit": "Percent"
        },
        {
            "Timestamp": "2021-01-18T12:21:43+00:00",
            "Maximum": 23.472613620941537,
            "Unit": "Percent"
        },
        {
            "Timestamp": "2021-01-18T12:10:23+00:00",
            "Maximum": 23.355659692008015,
            "Unit": "Percent"
        },
        {
            "Timestamp": "2021-01-18T12:16:03+00:00",
            "Maximum": 23.48418926578479,
            "Unit": "Percent"
        },
        {
            "Timestamp": "2021-01-18T12:19:13+00:00",
            "Maximum": 23.4845884259518,
            "Unit": "Percent"
        },
        {
            "Timestamp": "2021-01-18T12:07:53+00:00",
            "Maximum": 23.378012661360497,
            "Unit": "Percent"
        },
        {
            "Timestamp": "2021-01-18T12:13:33+00:00",
            "Maximum": 23.340890765828696,
            "Unit": "Percent"
        },
        {
            "Timestamp": "2021-01-18T12:19:43+00:00",
            "Maximum": 23.482193464949745,
            "Unit": "Percent"
        },
        {
            "Timestamp": "2021-01-18T12:14:03+00:00",
            "Maximum": 23.467823698937437,
            "Unit": "Percent"
        },
        {
            "Timestamp": "2021-01-18T12:08:23+00:00",
            "Maximum": 23.375617700358447,
            "Unit": "Percent"
        },
        {
            "Timestamp": "2021-01-18T12:19:03+00:00",
            "Maximum": 23.485386746285815,
            "Unit": "Percent"
        },
        {
            "Timestamp": "2021-01-18T12:21:53+00:00",
            "Maximum": 23.47221446077453,
            "Unit": "Percent"
        },
        {
            "Timestamp": "2021-01-18T12:10:33+00:00",
            "Maximum": 23.355260531841008,
            "Unit": "Percent"
        },
        {
            "Timestamp": "2021-01-18T12:07:43+00:00",
            "Maximum": 23.379210141861524,
            "Unit": "Percent"
        },
        {
            "Timestamp": "2021-01-18T12:20:03+00:00",
            "Maximum": 23.480995984448718,
            "Unit": "Percent"
        },
        {
            "Timestamp": "2021-01-18T12:11:33+00:00",
            "Maximum": 23.32532351931536,
            "Unit": "Percent"
        },
        {
            "Timestamp": "2021-01-18T12:08:43+00:00",
            "Maximum": 23.36324373518118,
            "Unit": "Percent"
        },
        {
            "Timestamp": "2021-01-18T12:17:03+00:00",
            "Maximum": 24.026647932749494,
            "Unit": "Percent"
        },
        {
            "Timestamp": "2021-01-18T12:19:53+00:00",
            "Maximum": 23.48139514461573,
            "Unit": "Percent"
        },
        {
            "Timestamp": "2021-01-18T12:08:33+00:00",
            "Maximum": 23.375218540191437,
            "Unit": "Percent"
        },
        {
            "Timestamp": "2021-01-18T12:20:53+00:00",
            "Maximum": 23.477004382778635,
            "Unit": "Percent"
        },
        {
            "Timestamp": "2021-01-18T12:18:03+00:00",
            "Maximum": 23.562424658518477,
            "Unit": "Percent"
        },
        {
            "Timestamp": "2021-01-18T12:09:33+00:00",
            "Maximum": 23.35925213351109,
            "Unit": "Percent"
        },
        {
            "Timestamp": "2021-01-18T12:11:43+00:00",
            "Maximum": 23.32492435914835,
            "Unit": "Percent"
        },
        {
            "Timestamp": "2021-01-18T12:17:53+00:00",
            "Maximum": 23.563222978852494,
            "Unit": "Percent"
        },
        {
            "Timestamp": "2021-01-18T12:12:43+00:00",
            "Maximum": 23.344882367498784,
            "Unit": "Percent"
        },
        {
            "Timestamp": "2021-01-18T12:18:53+00:00",
            "Maximum": 23.56162633818446,
            "Unit": "Percent"
        },
        {
            "Timestamp": "2021-01-18T12:07:33+00:00",
            "Maximum": 23.37960930202853,
            "Unit": "Percent"
        },
        {
            "Timestamp": "2021-01-18T12:21:03+00:00",
            "Maximum": 23.476206062444618,
            "Unit": "Percent"
        },
        {
            "Timestamp": "2021-01-18T12:09:43+00:00",
            "Maximum": 23.358852973344085,
            "Unit": "Percent"
        },
        {
            "Timestamp": "2021-01-18T12:15:53+00:00",
            "Maximum": 23.4845884259518,
            "Unit": "Percent"
        },
        {
            "Timestamp": "2021-01-18T12:10:43+00:00",
            "Maximum": 23.37960930202853,
            "Unit": "Percent"
        },
        {
            "Timestamp": "2021-01-18T12:16:53+00:00",
            "Maximum": 23.479798503947695,
            "Unit": "Percent"
        },
        {
            "Timestamp": "2021-01-18T12:07:13+00:00",
            "Maximum": 23.35685717250904,
            "Unit": "Percent"
        },
        {
            "Timestamp": "2021-01-18T12:16:43+00:00",
            "Maximum": 23.4801976641147,
            "Unit": "Percent"
        },
        {
            "Timestamp": "2021-01-18T12:11:03+00:00",
            "Maximum": 23.378012661360497,
            "Unit": "Percent"
        },
        {
            "Timestamp": "2021-01-18T12:14:53+00:00",
            "Maximum": 23.46383209726735,
            "Unit": "Percent"
        },
        {
            "Timestamp": "2021-01-18T12:20:33+00:00",
            "Maximum": 23.479000183613678,
            "Unit": "Percent"
        },
        {
            "Timestamp": "2021-01-18T12:09:13+00:00",
            "Maximum": 23.361247934346135,
            "Unit": "Percent"
        },
        {
            "Timestamp": "2021-01-18T12:10:53+00:00",
            "Maximum": 23.378411821527507,
            "Unit": "Percent"
        },
        {
            "Timestamp": "2021-01-18T12:14:43+00:00",
            "Maximum": 23.464231257434356,
            "Unit": "Percent"
        },
        {
            "Timestamp": "2021-01-18T12:20:23+00:00",
            "Maximum": 23.479399343780685,
            "Unit": "Percent"
        },
        {
            "Timestamp": "2021-01-18T12:09:03+00:00",
            "Maximum": 23.362046254680152,
            "Unit": "Percent"
        },
        {
            "Timestamp": "2021-01-18T12:12:53+00:00",
            "Maximum": 23.344483207331773,
            "Unit": "Percent"
        },
        {
            "Timestamp": "2021-01-18T12:18:33+00:00",
            "Maximum": 23.560428857683434,
            "Unit": "Percent"
        },
        {
            "Timestamp": "2021-01-18T12:14:33+00:00",
            "Maximum": 23.465827898102393,
            "Unit": "Percent"
        },
        {
            "Timestamp": "2021-01-18T12:08:53+00:00",
            "Maximum": 23.362445414847162,
            "Unit": "Percent"
        },
        {
            "Timestamp": "2021-01-18T12:20:43+00:00",
            "Maximum": 23.47740354294564,
            "Unit": "Percent"
        },
        {
            "Timestamp": "2021-01-18T12:15:03+00:00",
            "Maximum": 23.463033776933333,
            "Unit": "Percent"
        },
        {
            "Timestamp": "2021-01-18T12:09:23+00:00",
            "Maximum": 23.36005045384511,
            "Unit": "Percent"
        },
        {
            "Timestamp": "2021-01-18T12:16:33+00:00",
            "Maximum": 23.48179430478274,
            "Unit": "Percent"
        },
        {
            "Timestamp": "2021-01-18T12:18:13+00:00",
            "Maximum": 23.56122717801745,
            "Unit": "Percent"
        },
        {
            "Timestamp": "2021-01-18T12:12:33+00:00",
            "Maximum": 23.320932757478264,
            "Unit": "Percent"
        },
        {
            "Timestamp": "2021-01-18T12:13:03+00:00",
            "Maximum": 23.343285726830747,
            "Unit": "Percent"
        },
        {
            "Timestamp": "2021-01-18T12:18:43+00:00",
            "Maximum": 23.5588322170154,
            "Unit": "Percent"
        },
        {
            "Timestamp": "2021-01-18T12:07:23+00:00",
            "Maximum": 23.380806782529557,
            "Unit": "Percent"
        },
        {
            "Timestamp": "2021-01-18T12:20:13+00:00",
            "Maximum": 23.4801976641147,
            "Unit": "Percent"
        },
        {
            "Timestamp": "2021-01-18T12:13:23+00:00",
            "Maximum": 23.34248740649673,
            "Unit": "Percent"
        },
        {
            "Timestamp": "2021-01-18T12:16:13+00:00",
            "Maximum": 23.48299178528376,
            "Unit": "Percent"
        },
        {
            "Timestamp": "2021-01-18T12:17:13+00:00",
            "Maximum": 23.54087000950001,
            "Unit": "Percent"
        },
        {
            "Timestamp": "2021-01-18T12:14:23+00:00",
            "Maximum": 23.4662270582694,
            "Unit": "Percent"
        },
        {
            "Timestamp": "2021-01-18T12:14:13+00:00",
            "Maximum": 23.467025378603417,
            "Unit": "Percent"
        },
        {
            "Timestamp": "2021-01-18T12:11:23+00:00",
            "Maximum": 23.326920159983395,
            "Unit": "Percent"
        },
        {
            "Timestamp": "2021-01-18T12:12:23+00:00",
            "Maximum": 23.32213023797929,
            "Unit": "Percent"
        },
        {
            "Timestamp": "2021-01-18T12:15:13+00:00",
            "Maximum": 23.462235456599316,
            "Unit": "Percent"
        },
        {
            "Timestamp": "2021-01-18T12:12:13+00:00",
            "Maximum": 23.322928558313308,
            "Unit": "Percent"
        },
        {
            "Timestamp": "2021-01-18T12:18:23+00:00",
            "Maximum": 23.560828017850444,
            "Unit": "Percent"
        },
        {
            "Timestamp": "2021-01-18T12:07:03+00:00",
            "Maximum": 23.357655492843058,
            "Unit": "Percent"
        },
        {
            "Timestamp": "2021-01-18T12:13:13+00:00",
            "Maximum": 23.34288656666374,
            "Unit": "Percent"
        },
        {
            "Timestamp": "2021-01-18T12:19:23+00:00",
            "Maximum": 23.48418926578479,
            "Unit": "Percent"
        },
        {
            "Timestamp": "2021-01-18T12:15:23+00:00",
            "Maximum": 23.48698338695385,
            "Unit": "Percent"
        },
        {
            "Timestamp": "2021-01-18T12:21:33+00:00",
            "Maximum": 23.473811101442564,
            "Unit": "Percent"
        },
        {
            "Timestamp": "2021-01-18T12:10:13+00:00",
            "Maximum": 23.35685717250904,
            "Unit": "Percent"
        },
        {
            "Timestamp": "2021-01-18T12:16:23+00:00",
            "Maximum": 23.482193464949745,
            "Unit": "Percent"
        },
        {
            "Timestamp": "2021-01-18T12:11:13+00:00",
            "Maximum": 23.327319320150405,
            "Unit": "Percent"
        },
        {
            "Timestamp": "2021-01-18T12:17:23+00:00",
            "Maximum": 23.540470849333005,
            "Unit": "Percent"
        }
    ]
}
