{
    "Label": "mem_used_percent",
    "Datapoints": [
        {
            "Timestamp": "2021-01-18T12:50:35+00:00",
            "Maximum": 23.531290165491804,
            "Unit": "Percent"
        },
        {
            "Timestamp": "2021-01-18T12:39:15+00:00",
            "Maximum": 23.522508641817616,
            "Unit": "Percent"
        },
        {
            "Timestamp": "2021-01-18T12:43:05+00:00",
            "Maximum": 23.52131116131659,
            "Unit": "Percent"
        },
        {
            "Timestamp": "2021-01-18T12:39:05+00:00",
            "Maximum": 23.694546673798328,
            "Unit": "Percent"
        },
        {
            "Timestamp": "2021-01-18T12:42:55+00:00",
            "Maximum": 23.5217103214836,
            "Unit": "Percent"
        },
        {
            "Timestamp": "2021-01-18T12:46:45+00:00",
            "Maximum": 23.522109481650606,
            "Unit": "Percent"
        },
        {
            "Timestamp": "2021-01-18T12:42:45+00:00",
            "Maximum": 23.522109481650606,
            "Unit": "Percent"
        },
        {
            "Timestamp": "2021-01-18T12:43:15+00:00",
            "Maximum": 23.55005069334121,
            "Unit": "Percent"
        },
        {
            "Timestamp": "2021-01-18T12:50:25+00:00",
            "Maximum": 23.532088485825824,
            "Unit": "Percent"
        },
        {
            "Timestamp": "2021-01-18T12:46:25+00:00",
            "Maximum": 23.69095423229525,
            "Unit": "Percent"
        },
        {
            "Timestamp": "2021-01-18T12:46:55+00:00",
            "Maximum": 23.744441694674403,
            "Unit": "Percent"
        },
        {
            "Timestamp": "2021-01-18T12:47:15+00:00",
            "Maximum": 23.550849013675226,
            "Unit": "Percent"
        },
        {
            "Timestamp": "2021-01-18T12:38:45+00:00",
            "Maximum": 23.537277567996934,
            "Unit": "Percent"
        },
        {
            "Timestamp": "2021-01-18T12:51:05+00:00",
            "Maximum": 23.562025498351467,
            "Unit": "Percent"
        },
        {
            "Timestamp": "2021-01-18T12:39:45+00:00",
            "Maximum": 23.505344754636244,
            "Unit": "Percent"
        },
        {
            "Timestamp": "2021-01-18T12:46:15+00:00",
            "Maximum": 23.52450444265266,
            "Unit": "Percent"
        },
        {
            "Timestamp": "2021-01-18T12:50:05+00:00",
            "Maximum": 23.546857412005142,
            "Unit": "Percent"
        },
        {
            "Timestamp": "2021-01-18T12:39:55+00:00",
            "Maximum": 23.504546434302227,
            "Unit": "Percent"
        },
        {
            "Timestamp": "2021-01-18T12:46:05+00:00",
            "Maximum": 23.526101083320693,
            "Unit": "Percent"
        },
        {
            "Timestamp": "2021-01-18T12:47:05+00:00",
            "Maximum": 23.533285966326847,
            "Unit": "Percent"
        },
        {
            "Timestamp": "2021-01-18T12:50:15+00:00",
            "Maximum": 23.545659931504115,
            "Unit": "Percent"
        },
        {
            "Timestamp": "2021-01-18T12:38:55+00:00",
            "Maximum": 23.537277567996934,
            "Unit": "Percent"
        },
        {
            "Timestamp": "2021-01-18T12:51:15+00:00",
            "Maximum": 23.527697723988727,
            "Unit": "Percent"
        },
        {
            "Timestamp": "2021-01-18T12:42:05+00:00",
            "Maximum": 23.52689940365471,
            "Unit": "Percent"
        },
        {
            "Timestamp": "2021-01-18T12:40:15+00:00",
            "Maximum": 23.50973551647334,
            "Unit": "Percent"
        },
        {
            "Timestamp": "2021-01-18T12:40:05+00:00",
            "Maximum": 23.56122717801745,
            "Unit": "Percent"
        },
        {
            "Timestamp": "2021-01-18T12:38:15+00:00",
            "Maximum": 23.515323758811462,
            "Unit": "Percent"
        },
        {
            "Timestamp": "2021-01-18T12:38:05+00:00",
            "Maximum": 23.674987825614906,
            "Unit": "Percent"
        },
        {
            "Timestamp": "2021-01-18T12:44:15+00:00",
            "Maximum": 23.539672528998985,
            "Unit": "Percent"
        },
        {
            "Timestamp": "2021-01-18T12:38:35+00:00",
            "Maximum": 23.53807588833095,
            "Unit": "Percent"
        },
        {
            "Timestamp": "2021-01-18T12:42:15+00:00",
            "Maximum": 23.526101083320693,
            "Unit": "Percent"
        },
        {
            "Timestamp": "2021-01-18T12:44:25+00:00",
            "Maximum": 23.534483446827874,
            "Unit": "Percent"
        },
        {
            "Timestamp": "2021-01-18T12:42:35+00:00",
            "Maximum": 23.556437256013346,
            "Unit": "Percent"
        },
        {
            "Timestamp": "2021-01-18T12:50:55+00:00",
            "Maximum": 23.529294364656764,
            "Unit": "Percent"
        },
        {
            "Timestamp": "2021-01-18T12:42:25+00:00",
            "Maximum": 23.525701923153683,
            "Unit": "Percent"
        },
        {
            "Timestamp": "2021-01-18T12:40:35+00:00",
            "Maximum": 23.672592864612856,
            "Unit": "Percent"
        },
        {
            "Timestamp": "2021-01-18T12:52:55+00:00",
            "Maximum": 23.536080087495908,
            "Unit": "Percent"
        },
        {
            "Timestamp": "2021-01-18T12:40:25+00:00",
            "Maximum": 23.534483446827874,
            "Unit": "Percent"
        },
        {
            "Timestamp": "2021-01-18T12:46:35+00:00",
            "Maximum": 23.523306962151633,
            "Unit": "Percent"
        },
        {
            "Timestamp": "2021-01-18T12:52:45+00:00",
            "Maximum": 23.562823818685487,
            "Unit": "Percent"
        },
        {
            "Timestamp": "2021-01-18T12:38:25+00:00",
            "Maximum": 23.548054892506165,
            "Unit": "Percent"
        },
        {
            "Timestamp": "2021-01-18T12:44:35+00:00",
            "Maximum": 23.667403782441742,
            "Unit": "Percent"
        },
        {
            "Timestamp": "2021-01-18T12:50:45+00:00",
            "Maximum": 23.53009268499078,
            "Unit": "Percent"
        },
        {
            "Timestamp": "2021-01-18T12:44:55+00:00",
            "Maximum": 23.531689325658814,
            "Unit": "Percent"
        },
        {
            "Timestamp": "2021-01-18T12:48:45+00:00",
            "Maximum": 23.560828017850444,
            "Unit": "Percent"
        },
        {
            "Timestamp": "2021-01-18T12:37:25+00:00",
            "Maximum": 23.520912001149583,
            "Unit": "Percent"
        },
        {
            "Timestamp": "2021-01-18T12:48:35+00:00",
            "Maximum": 23.528895204489753,
            "Unit": "Percent"
        },
        {
            "Timestamp": "2021-01-18T12:37:15+00:00",
            "Maximum": 23.5217103214836,
            "Unit": "Percent"
        },
        {
            "Timestamp": "2021-01-18T12:52:25+00:00",
            "Maximum": 23.546857412005142,
            "Unit": "Percent"
        },
        {
            "Timestamp": "2021-01-18T12:41:05+00:00",
            "Maximum": 23.56402129918651,
            "Unit": "Percent"
        },
        {
            "Timestamp": "2021-01-18T12:37:05+00:00",
            "Maximum": 23.5217103214836,
            "Unit": "Percent"
        },
        {
            "Timestamp": "2021-01-18T12:48:55+00:00",
            "Maximum": 23.52689940365471,
            "Unit": "Percent"
        },
        {
            "Timestamp": "2021-01-18T12:37:35+00:00",
            "Maximum": 23.518117879980522,
            "Unit": "Percent"
        },
        {
            "Timestamp": "2021-01-18T12:44:45+00:00",
            "Maximum": 23.53248764599283,
            "Unit": "Percent"
        },
        {
            "Timestamp": "2021-01-18T12:40:45+00:00",
            "Maximum": 23.53288680615984,
            "Unit": "Percent"
        },
        {
            "Timestamp": "2021-01-18T12:52:35+00:00",
            "Maximum": 23.53248764599283,
            "Unit": "Percent"
        },
        {
            "Timestamp": "2021-01-18T12:41:15+00:00",
            "Maximum": 23.530491845157787,
            "Unit": "Percent"
        },
        {
            "Timestamp": "2021-01-18T12:48:25+00:00",
            "Maximum": 23.52969352482377,
            "Unit": "Percent"
        },
        {
            "Timestamp": "2021-01-18T12:48:15+00:00",
            "Maximum": 23.530491845157787,
            "Unit": "Percent"
        },
        {
            "Timestamp": "2021-01-18T12:49:15+00:00",
            "Maximum": 23.5588322170154,
            "Unit": "Percent"
        },
        {
            "Timestamp": "2021-01-18T12:52:05+00:00",
            "Maximum": 23.607130597223442,
            "Unit": "Percent"
        },
        {
            "Timestamp": "2021-01-18T12:48:05+00:00",
            "Maximum": 23.545260771337105,
            "Unit": "Percent"
        },
        {
            "Timestamp": "2021-01-18T12:45:15+00:00",
            "Maximum": 23.53009268499078,
            "Unit": "Percent"
        },
        {
            "Timestamp": "2021-01-18T12:49:05+00:00",
            "Maximum": 23.52689940365471,
            "Unit": "Percent"
        },
        {
            "Timestamp": "2021-01-18T12:37:45+00:00",
            "Maximum": 23.517319559646502,
            "Unit": "Percent"
        },
        {
            "Timestamp": "2021-01-18T12:52:15+00:00",
            "Maximum": 23.54725657217215,
            "Unit": "Percent"
        },
        {
            "Timestamp": "2021-01-18T12:40:55+00:00",
            "Maximum": 23.53248764599283,
            "Unit": "Percent"
        },
        {
            "Timestamp": "2021-01-18T12:41:55+00:00",
            "Maximum": 23.527697723988727,
            "Unit": "Percent"
        },
        {
            "Timestamp": "2021-01-18T12:37:55+00:00",
            "Maximum": 23.516920399479496,
            "Unit": "Percent"
        },
        {
            "Timestamp": "2021-01-18T12:44:05+00:00",
            "Maximum": 23.670197903610802,
            "Unit": "Percent"
        },
        {
            "Timestamp": "2021-01-18T12:45:05+00:00",
            "Maximum": 23.56442045935352,
            "Unit": "Percent"
        },
        {
            "Timestamp": "2021-01-18T12:47:45+00:00",
            "Maximum": 23.546059091671125,
            "Unit": "Percent"
        },
        {
            "Timestamp": "2021-01-18T12:51:35+00:00",
            "Maximum": 23.556836416180357,
            "Unit": "Percent"
        },
        {
            "Timestamp": "2021-01-18T12:45:55+00:00",
            "Maximum": 23.526500243487703,
            "Unit": "Percent"
        },
        {
            "Timestamp": "2021-01-18T12:45:45+00:00",
            "Maximum": 23.52729856382172,
            "Unit": "Percent"
        },
        {
            "Timestamp": "2021-01-18T12:51:25+00:00",
            "Maximum": 23.52729856382172,
            "Unit": "Percent"
        },
        {
            "Timestamp": "2021-01-18T12:43:55+00:00",
            "Maximum": 23.54206749000104,
            "Unit": "Percent"
        },
        {
            "Timestamp": "2021-01-18T12:49:35+00:00",
            "Maximum": 23.52410528248565,
            "Unit": "Percent"
        },
        {
            "Timestamp": "2021-01-18T12:49:25+00:00",
            "Maximum": 23.524903602819666,
            "Unit": "Percent"
        },
        {
            "Timestamp": "2021-01-18T12:43:45+00:00",
            "Maximum": 23.54765573233916,
            "Unit": "Percent"
        },
        {
            "Timestamp": "2021-01-18T12:49:55+00:00",
            "Maximum": 23.54765573233916,
            "Unit": "Percent"
        },
        {
            "Timestamp": "2021-01-18T12:47:25+00:00",
            "Maximum": 23.60792891755746,
            "Unit": "Percent"
        },
        {
            "Timestamp": "2021-01-18T12:41:45+00:00",
            "Maximum": 23.662613860437638,
            "Unit": "Percent"
        },
        {
            "Timestamp": "2021-01-18T12:47:55+00:00",
            "Maximum": 23.57879022536583,
            "Unit": "Percent"
        },
        {
            "Timestamp": "2021-01-18T12:41:35+00:00",
            "Maximum": 23.529294364656764,
            "Unit": "Percent"
        },
        {
            "Timestamp": "2021-01-18T12:45:25+00:00",
            "Maximum": 23.529294364656764,
            "Unit": "Percent"
        },
        {
            "Timestamp": "2021-01-18T12:39:35+00:00",
            "Maximum": 23.655428977431484,
            "Unit": "Percent"
        },
        {
            "Timestamp": "2021-01-18T12:51:55+00:00",
            "Maximum": 23.55005069334121,
            "Unit": "Percent"
        },
        {
            "Timestamp": "2021-01-18T12:43:25+00:00",
            "Maximum": 23.519315360481546,
            "Unit": "Percent"
        },
        {
            "Timestamp": "2021-01-18T12:51:45+00:00",
            "Maximum": 23.55044985350822,
            "Unit": "Percent"
        },
        {
            "Timestamp": "2021-01-18T12:41:25+00:00",
            "Maximum": 23.562823818685487,
            "Unit": "Percent"
        },
        {
            "Timestamp": "2021-01-18T12:47:35+00:00",
            "Maximum": 23.52410528248565,
            "Unit": "Percent"
        },
        {
            "Timestamp": "2021-01-18T12:43:35+00:00",
            "Maximum": 23.552046494176253,
            "Unit": "Percent"
        },
        {
            "Timestamp": "2021-01-18T12:49:45+00:00",
            "Maximum": 23.54765573233916,
            "Unit": "Percent"
        },
        {
            "Timestamp": "2021-01-18T12:39:25+00:00",
            "Maximum": 23.5217103214836,
            "Unit": "Percent"
        },
        {
            "Timestamp": "2021-01-18T12:45:35+00:00",
            "Maximum": 23.528895204489753,
            "Unit": "Percent"
        }
    ]
}
