{
    "Label": "mem_used_percent",
    "Datapoints": [
        {
            "Timestamp": "2021-01-18T12:46:03+00:00",
            "Maximum": 23.368033657185283,
            "Unit": "Percent"
        },
        {
            "Timestamp": "2021-01-18T12:49:53+00:00",
            "Maximum": 23.350071449669894,
            "Unit": "Percent"
        },
        {
            "Timestamp": "2021-01-18T12:38:33+00:00",
            "Maximum": 23.355659692008015,
            "Unit": "Percent"
        },
        {
            "Timestamp": "2021-01-18T12:49:43+00:00",
            "Maximum": 23.350470609836904,
            "Unit": "Percent"
        },
        {
            "Timestamp": "2021-01-18T12:38:23+00:00",
            "Maximum": 23.35685717250904,
            "Unit": "Percent"
        },
        {
            "Timestamp": "2021-01-18T12:42:13+00:00",
            "Maximum": 23.38599586470067,
            "Unit": "Percent"
        },
        {
            "Timestamp": "2021-01-18T12:38:13+00:00",
            "Maximum": 23.357256332676048,
            "Unit": "Percent"
        },
        {
            "Timestamp": "2021-01-18T12:50:03+00:00",
            "Maximum": 23.349672289502887,
            "Unit": "Percent"
        },
        {
            "Timestamp": "2021-01-18T12:38:43+00:00",
            "Maximum": 23.354462211506988,
            "Unit": "Percent"
        },
        {
            "Timestamp": "2021-01-18T12:45:53+00:00",
            "Maximum": 23.369630297853316,
            "Unit": "Percent"
        },
        {
            "Timestamp": "2021-01-18T12:41:53+00:00",
            "Maximum": 23.42112195939743,
            "Unit": "Percent"
        },
        {
            "Timestamp": "2021-01-18T12:42:23+00:00",
            "Maximum": 23.38519754436665,
            "Unit": "Percent"
        },
        {
            "Timestamp": "2021-01-18T12:49:33+00:00",
            "Maximum": 23.351668090337927,
            "Unit": "Percent"
        },
        {
            "Timestamp": "2021-01-18T12:45:33+00:00",
            "Maximum": 23.370428618187333,
            "Unit": "Percent"
        },
        {
            "Timestamp": "2021-01-18T12:42:43+00:00",
            "Maximum": 23.384000063865628,
            "Unit": "Percent"
        },
        {
            "Timestamp": "2021-01-18T12:46:33+00:00",
            "Maximum": 23.36563869618323,
            "Unit": "Percent"
        },
        {
            "Timestamp": "2021-01-18T12:41:43+00:00",
            "Maximum": 23.421920279731445,
            "Unit": "Percent"
        },
        {
            "Timestamp": "2021-01-18T12:52:53+00:00",
            "Maximum": 23.343285726830747,
            "Unit": "Percent"
        },
        {
            "Timestamp": "2021-01-18T12:41:33+00:00",
            "Maximum": 23.42351692039948,
            "Unit": "Percent"
        },
        {
            "Timestamp": "2021-01-18T12:42:33+00:00",
            "Maximum": 23.38519754436665,
            "Unit": "Percent"
        },
        {
            "Timestamp": "2021-01-18T12:45:43+00:00",
            "Maximum": 23.370029458020326,
            "Unit": "Percent"
        },
        {
            "Timestamp": "2021-01-18T12:46:43+00:00",
            "Maximum": 23.365239536016222,
            "Unit": "Percent"
        },
        {
            "Timestamp": "2021-01-18T12:37:33+00:00",
            "Maximum": 23.361247934346135,
            "Unit": "Percent"
        },
        {
            "Timestamp": "2021-01-18T12:52:43+00:00",
            "Maximum": 23.343285726830747,
            "Unit": "Percent"
        },
        {
            "Timestamp": "2021-01-18T12:52:33+00:00",
            "Maximum": 23.338096644659636,
            "Unit": "Percent"
        },
        {
            "Timestamp": "2021-01-18T12:50:43+00:00",
            "Maximum": 23.3456806878328,
            "Unit": "Percent"
        },
        {
            "Timestamp": "2021-01-18T12:50:33+00:00",
            "Maximum": 23.347277328500834,
            "Unit": "Percent"
        },
        {
            "Timestamp": "2021-01-18T12:39:43+00:00",
            "Maximum": 23.407949673886144,
            "Unit": "Percent"
        },
        {
            "Timestamp": "2021-01-18T12:48:33+00:00",
            "Maximum": 23.35685717250904,
            "Unit": "Percent"
        },
        {
            "Timestamp": "2021-01-18T12:37:43+00:00",
            "Maximum": 23.35925213351109,
            "Unit": "Percent"
        },
        {
            "Timestamp": "2021-01-18T12:48:23+00:00",
            "Maximum": 23.357655492843058,
            "Unit": "Percent"
        },
        {
            "Timestamp": "2021-01-18T12:39:53+00:00",
            "Maximum": 23.407151353552127,
            "Unit": "Percent"
        },
        {
            "Timestamp": "2021-01-18T12:52:13+00:00",
            "Maximum": 23.339294125160663,
            "Unit": "Percent"
        },
        {
            "Timestamp": "2021-01-18T12:38:03+00:00",
            "Maximum": 23.35805465301007,
            "Unit": "Percent"
        },
        {
            "Timestamp": "2021-01-18T12:50:23+00:00",
            "Maximum": 23.34807564883485,
            "Unit": "Percent"
        },
        {
            "Timestamp": "2021-01-18T12:46:23+00:00",
            "Maximum": 23.366836176684256,
            "Unit": "Percent"
        },
        {
            "Timestamp": "2021-01-18T12:37:53+00:00",
            "Maximum": 23.35925213351109,
            "Unit": "Percent"
        },
        {
            "Timestamp": "2021-01-18T12:50:13+00:00",
            "Maximum": 23.34847480900186,
            "Unit": "Percent"
        },
        {
            "Timestamp": "2021-01-18T12:42:03+00:00",
            "Maximum": 23.387193345201695,
            "Unit": "Percent"
        },
        {
            "Timestamp": "2021-01-18T12:48:13+00:00",
            "Maximum": 23.35805465301007,
            "Unit": "Percent"
        },
        {
            "Timestamp": "2021-01-18T12:40:03+00:00",
            "Maximum": 23.405554712884094,
            "Unit": "Percent"
        },
        {
            "Timestamp": "2021-01-18T12:46:13+00:00",
            "Maximum": 23.367634497018273,
            "Unit": "Percent"
        },
        {
            "Timestamp": "2021-01-18T12:52:23+00:00",
            "Maximum": 23.338495804826646,
            "Unit": "Percent"
        },
        {
            "Timestamp": "2021-01-18T12:51:43+00:00",
            "Maximum": 23.341289925995707,
            "Unit": "Percent"
        },
        {
            "Timestamp": "2021-01-18T12:40:23+00:00",
            "Maximum": 23.404357232383067,
            "Unit": "Percent"
        },
        {
            "Timestamp": "2021-01-18T12:44:13+00:00",
            "Maximum": 23.37681518085947,
            "Unit": "Percent"
        },
        {
            "Timestamp": "2021-01-18T12:40:13+00:00",
            "Maximum": 23.404756392550073,
            "Unit": "Percent"
        },
        {
            "Timestamp": "2021-01-18T12:44:03+00:00",
            "Maximum": 23.37721434102648,
            "Unit": "Percent"
        },
        {
            "Timestamp": "2021-01-18T12:47:53+00:00",
            "Maximum": 23.36005045384511,
            "Unit": "Percent"
        },
        {
            "Timestamp": "2021-01-18T12:43:53+00:00",
            "Maximum": 23.379210141861524,
            "Unit": "Percent"
        },
        {
            "Timestamp": "2021-01-18T12:44:23+00:00",
            "Maximum": 23.376416020692464,
            "Unit": "Percent"
        },
        {
            "Timestamp": "2021-01-18T12:51:33+00:00",
            "Maximum": 23.34288656666374,
            "Unit": "Percent"
        },
        {
            "Timestamp": "2021-01-18T12:48:03+00:00",
            "Maximum": 23.359651293678102,
            "Unit": "Percent"
        },
        {
            "Timestamp": "2021-01-18T12:43:43+00:00",
            "Maximum": 23.379210141861524,
            "Unit": "Percent"
        },
        {
            "Timestamp": "2021-01-18T12:47:33+00:00",
            "Maximum": 23.361647094513145,
            "Unit": "Percent"
        },
        {
            "Timestamp": "2021-01-18T12:52:03+00:00",
            "Maximum": 23.340491605661686,
            "Unit": "Percent"
        },
        {
            "Timestamp": "2021-01-18T12:40:43+00:00",
            "Maximum": 23.401962271381013,
            "Unit": "Percent"
        },
        {
            "Timestamp": "2021-01-18T12:43:33+00:00",
            "Maximum": 23.380806782529557,
            "Unit": "Percent"
        },
        {
            "Timestamp": "2021-01-18T12:44:33+00:00",
            "Maximum": 23.37481938002443,
            "Unit": "Percent"
        },
        {
            "Timestamp": "2021-01-18T12:47:43+00:00",
            "Maximum": 23.36005045384511,
            "Unit": "Percent"
        },
        {
            "Timestamp": "2021-01-18T12:48:43+00:00",
            "Maximum": 23.355659692008015,
            "Unit": "Percent"
        },
        {
            "Timestamp": "2021-01-18T12:44:43+00:00",
            "Maximum": 23.37481938002443,
            "Unit": "Percent"
        },
        {
            "Timestamp": "2021-01-18T12:50:53+00:00",
            "Maximum": 23.34528152766579,
            "Unit": "Percent"
        },
        {
            "Timestamp": "2021-01-18T12:39:33+00:00",
            "Maximum": 23.408348834053154,
            "Unit": "Percent"
        },
        {
            "Timestamp": "2021-01-18T12:51:53+00:00",
            "Maximum": 23.340890765828696,
            "Unit": "Percent"
        },
        {
            "Timestamp": "2021-01-18T12:40:33+00:00",
            "Maximum": 23.402760591715033,
            "Unit": "Percent"
        },
        {
            "Timestamp": "2021-01-18T12:43:13+00:00",
            "Maximum": 23.382004263030584,
            "Unit": "Percent"
        },
        {
            "Timestamp": "2021-01-18T12:48:53+00:00",
            "Maximum": 23.354861371673998,
            "Unit": "Percent"
        },
        {
            "Timestamp": "2021-01-18T12:47:03+00:00",
            "Maximum": 23.36324373518118,
            "Unit": "Percent"
        },
        {
            "Timestamp": "2021-01-18T12:41:23+00:00",
            "Maximum": 23.42391608056649,
            "Unit": "Percent"
        },
        {
            "Timestamp": "2021-01-18T12:37:23+00:00",
            "Maximum": 23.361647094513145,
            "Unit": "Percent"
        },
        {
            "Timestamp": "2021-01-18T12:46:53+00:00",
            "Maximum": 23.364840375849212,
            "Unit": "Percent"
        },
        {
            "Timestamp": "2021-01-18T12:41:13+00:00",
            "Maximum": 23.39477738837486,
            "Unit": "Percent"
        },
        {
            "Timestamp": "2021-01-18T12:45:03+00:00",
            "Maximum": 23.372823579189387,
            "Unit": "Percent"
        },
        {
            "Timestamp": "2021-01-18T12:39:23+00:00",
            "Maximum": 23.409945474721187,
            "Unit": "Percent"
        },
        {
            "Timestamp": "2021-01-18T12:44:53+00:00",
            "Maximum": 23.37442021985742,
            "Unit": "Percent"
        },
        {
            "Timestamp": "2021-01-18T12:39:13+00:00",
            "Maximum": 23.435491725409737,
            "Unit": "Percent"
        },
        {
            "Timestamp": "2021-01-18T12:51:03+00:00",
            "Maximum": 23.34528152766579,
            "Unit": "Percent"
        },
        {
            "Timestamp": "2021-01-18T12:45:23+00:00",
            "Maximum": 23.37162609868836,
            "Unit": "Percent"
        },
        {
            "Timestamp": "2021-01-18T12:42:53+00:00",
            "Maximum": 23.383600903698618,
            "Unit": "Percent"
        },
        {
            "Timestamp": "2021-01-18T12:37:13+00:00",
            "Maximum": 23.362445414847162,
            "Unit": "Percent"
        },
        {
            "Timestamp": "2021-01-18T12:49:03+00:00",
            "Maximum": 23.354861371673998,
            "Unit": "Percent"
        },
        {
            "Timestamp": "2021-01-18T12:43:23+00:00",
            "Maximum": 23.381205942696567,
            "Unit": "Percent"
        },
        {
            "Timestamp": "2021-01-18T12:51:13+00:00",
            "Maximum": 23.343684886997757,
            "Unit": "Percent"
        },
        {
            "Timestamp": "2021-01-18T12:37:03+00:00",
            "Maximum": 23.36364289534819,
            "Unit": "Percent"
        },
        {
            "Timestamp": "2021-01-18T12:49:23+00:00",
            "Maximum": 23.352466410671948,
            "Unit": "Percent"
        },
        {
            "Timestamp": "2021-01-18T12:40:53+00:00",
            "Maximum": 23.451857292257092,
            "Unit": "Percent"
        },
        {
            "Timestamp": "2021-01-18T12:49:13+00:00",
            "Maximum": 23.353264731005964,
            "Unit": "Percent"
        },
        {
            "Timestamp": "2021-01-18T12:47:23+00:00",
            "Maximum": 23.362046254680152,
            "Unit": "Percent"
        },
        {
            "Timestamp": "2021-01-18T12:38:53+00:00",
            "Maximum": 23.35366389117297,
            "Unit": "Percent"
        },
        {
            "Timestamp": "2021-01-18T12:41:03+00:00",
            "Maximum": 23.42631104156854,
            "Unit": "Percent"
        },
        {
            "Timestamp": "2021-01-18T12:47:13+00:00",
            "Maximum": 23.36284457501417,
            "Unit": "Percent"
        },
        {
            "Timestamp": "2021-01-18T12:43:03+00:00",
            "Maximum": 23.38320174353161,
            "Unit": "Percent"
        },
        {
            "Timestamp": "2021-01-18T12:39:03+00:00",
            "Maximum": 23.410743795055204,
            "Unit": "Percent"
        },
        {
            "Timestamp": "2021-01-18T12:45:13+00:00",
            "Maximum": 23.372424419022376,
            "Unit": "Percent"
        },
        {
            "Timestamp": "2021-01-18T12:51:23+00:00",
            "Maximum": 23.343285726830747,
            "Unit": "Percent"
        }
    ]
}
