{
    "Label": "mem_used_percent",
    "Datapoints": [
        {
            "Timestamp": "2021-01-18T12:27:14+00:00",
            "Maximum": 23.310155432969033,
            "Unit": "Percent"
        },
        {
            "Timestamp": "2021-01-18T12:31:04+00:00",
            "Maximum": 23.370428618187333,
            "Unit": "Percent"
        },
        {
            "Timestamp": "2021-01-18T12:36:44+00:00",
            "Maximum": 23.36843281735229,
            "Unit": "Percent"
        },
        {
            "Timestamp": "2021-01-18T12:25:24+00:00",
            "Maximum": 23.31933611681023,
            "Unit": "Percent"
        },
        {
            "Timestamp": "2021-01-18T12:29:14+00:00",
            "Maximum": 23.40635303321811,
            "Unit": "Percent"
        },
        {
            "Timestamp": "2021-01-18T12:34:54+00:00",
            "Maximum": 23.353264731005964,
            "Unit": "Percent"
        },
        {
            "Timestamp": "2021-01-18T12:23:34+00:00",
            "Maximum": 23.324525198981345,
            "Unit": "Percent"
        },
        {
            "Timestamp": "2021-01-18T12:33:04+00:00",
            "Maximum": 23.361647094513145,
            "Unit": "Percent"
        },
        {
            "Timestamp": "2021-01-18T12:27:24+00:00",
            "Maximum": 23.309756272802023,
            "Unit": "Percent"
        },
        {
            "Timestamp": "2021-01-18T12:31:14+00:00",
            "Maximum": 23.369630297853316,
            "Unit": "Percent"
        },
        {
            "Timestamp": "2021-01-18T12:36:54+00:00",
            "Maximum": 23.368033657185283,
            "Unit": "Percent"
        },
        {
            "Timestamp": "2021-01-18T12:25:34+00:00",
            "Maximum": 23.318138636309204,
            "Unit": "Percent"
        },
        {
            "Timestamp": "2021-01-18T12:32:44+00:00",
            "Maximum": 23.362445414847162,
            "Unit": "Percent"
        },
        {
            "Timestamp": "2021-01-18T12:27:04+00:00",
            "Maximum": 23.311752073637066,
            "Unit": "Percent"
        },
        {
            "Timestamp": "2021-01-18T12:33:14+00:00",
            "Maximum": 23.36044961401212,
            "Unit": "Percent"
        },
        {
            "Timestamp": "2021-01-18T12:27:34+00:00",
            "Maximum": 23.308957952468006,
            "Unit": "Percent"
        },
        {
            "Timestamp": "2021-01-18T12:34:44+00:00",
            "Maximum": 23.353264731005964,
            "Unit": "Percent"
        },
        {
            "Timestamp": "2021-01-18T12:29:04+00:00",
            "Maximum": 23.349672289502887,
            "Unit": "Percent"
        },
        {
            "Timestamp": "2021-01-18T12:23:24+00:00",
            "Maximum": 23.40036563071298,
            "Unit": "Percent"
        },
        {
            "Timestamp": "2021-01-18T12:35:14+00:00",
            "Maximum": 23.350470609836904,
            "Unit": "Percent"
        },
        {
            "Timestamp": "2021-01-18T12:29:34+00:00",
            "Maximum": 23.45505057359316,
            "Unit": "Percent"
        },
        {
            "Timestamp": "2021-01-18T12:23:54+00:00",
            "Maximum": 23.322928558313308,
            "Unit": "Percent"
        },
        {
            "Timestamp": "2021-01-18T12:30:34+00:00",
            "Maximum": 23.406752193385117,
            "Unit": "Percent"
        },
        {
            "Timestamp": "2021-01-18T12:33:24+00:00",
            "Maximum": 23.36005045384511,
            "Unit": "Percent"
        },
        {
            "Timestamp": "2021-01-18T12:22:04+00:00",
            "Maximum": 23.38240342319759,
            "Unit": "Percent"
        },
        {
            "Timestamp": "2021-01-18T12:34:24+00:00",
            "Maximum": 23.355260531841008,
            "Unit": "Percent"
        },
        {
            "Timestamp": "2021-01-18T12:31:34+00:00",
            "Maximum": 23.36843281735229,
            "Unit": "Percent"
        },
        {
            "Timestamp": "2021-01-18T12:23:04+00:00",
            "Maximum": 23.40315975188204,
            "Unit": "Percent"
        },
        {
            "Timestamp": "2021-01-18T12:35:24+00:00",
            "Maximum": 23.350071449669894,
            "Unit": "Percent"
        },
        {
            "Timestamp": "2021-01-18T12:32:34+00:00",
            "Maximum": 23.364042055515196,
            "Unit": "Percent"
        },
        {
            "Timestamp": "2021-01-18T12:24:04+00:00",
            "Maximum": 23.32532351931536,
            "Unit": "Percent"
        },
        {
            "Timestamp": "2021-01-18T12:33:34+00:00",
            "Maximum": 23.35925213351109,
            "Unit": "Percent"
        },
        {
            "Timestamp": "2021-01-18T12:36:24+00:00",
            "Maximum": 23.370428618187333,
            "Unit": "Percent"
        },
        {
            "Timestamp": "2021-01-18T12:22:14+00:00",
            "Maximum": 23.382004263030584,
            "Unit": "Percent"
        },
        {
            "Timestamp": "2021-01-18T12:25:04+00:00",
            "Maximum": 23.321331917645274,
            "Unit": "Percent"
        },
        {
            "Timestamp": "2021-01-18T12:34:34+00:00",
            "Maximum": 23.354861371673998,
            "Unit": "Percent"
        },
        {
            "Timestamp": "2021-01-18T12:23:14+00:00",
            "Maximum": 23.402361431548023,
            "Unit": "Percent"
        },
        {
            "Timestamp": "2021-01-18T12:29:24+00:00",
            "Maximum": 23.376416020692464,
            "Unit": "Percent"
        },
        {
            "Timestamp": "2021-01-18T12:35:34+00:00",
            "Maximum": 23.349672289502887,
            "Unit": "Percent"
        },
        {
            "Timestamp": "2021-01-18T12:24:14+00:00",
            "Maximum": 23.32532351931536,
            "Unit": "Percent"
        },
        {
            "Timestamp": "2021-01-18T12:30:24+00:00",
            "Maximum": 23.54087000950001,
            "Unit": "Percent"
        },
        {
            "Timestamp": "2021-01-18T12:36:34+00:00",
            "Maximum": 23.370029458020326,
            "Unit": "Percent"
        },
        {
            "Timestamp": "2021-01-18T12:25:14+00:00",
            "Maximum": 23.31973527697724,
            "Unit": "Percent"
        },
        {
            "Timestamp": "2021-01-18T12:31:24+00:00",
            "Maximum": 23.36923113768631,
            "Unit": "Percent"
        },
        {
            "Timestamp": "2021-01-18T12:26:14+00:00",
            "Maximum": 23.314945354973137,
            "Unit": "Percent"
        },
        {
            "Timestamp": "2021-01-18T12:32:24+00:00",
            "Maximum": 23.364441215682206,
            "Unit": "Percent"
        },
        {
            "Timestamp": "2021-01-18T12:24:24+00:00",
            "Maximum": 23.323726878647324,
            "Unit": "Percent"
        },
        {
            "Timestamp": "2021-01-18T12:30:04+00:00",
            "Maximum": 23.352067250504938,
            "Unit": "Percent"
        },
        {
            "Timestamp": "2021-01-18T12:33:54+00:00",
            "Maximum": 23.357256332676048,
            "Unit": "Percent"
        },
        {
            "Timestamp": "2021-01-18T12:28:14+00:00",
            "Maximum": 23.357256332676048,
            "Unit": "Percent"
        },
        {
            "Timestamp": "2021-01-18T12:22:34+00:00",
            "Maximum": 23.38000846219554,
            "Unit": "Percent"
        },
        {
            "Timestamp": "2021-01-18T12:32:04+00:00",
            "Maximum": 23.36643701651725,
            "Unit": "Percent"
        },
        {
            "Timestamp": "2021-01-18T12:26:24+00:00",
            "Maximum": 23.31414703463912,
            "Unit": "Percent"
        },
        {
            "Timestamp": "2021-01-18T12:35:54+00:00",
            "Maximum": 23.372424419022376,
            "Unit": "Percent"
        },
        {
            "Timestamp": "2021-01-18T12:30:14+00:00",
            "Maximum": 23.349672289502887,
            "Unit": "Percent"
        },
        {
            "Timestamp": "2021-01-18T12:24:34+00:00",
            "Maximum": 23.323327718480318,
            "Unit": "Percent"
        },
        {
            "Timestamp": "2021-01-18T12:34:04+00:00",
            "Maximum": 23.357256332676048,
            "Unit": "Percent"
        },
        {
            "Timestamp": "2021-01-18T12:28:24+00:00",
            "Maximum": 23.352466410671948,
            "Unit": "Percent"
        },
        {
            "Timestamp": "2021-01-18T12:31:44+00:00",
            "Maximum": 23.367235336851266,
            "Unit": "Percent"
        },
        {
            "Timestamp": "2021-01-18T12:26:04+00:00",
            "Maximum": 23.315743675307154,
            "Unit": "Percent"
        },
        {
            "Timestamp": "2021-01-18T12:32:14+00:00",
            "Maximum": 23.365239536016222,
            "Unit": "Percent"
        },
        {
            "Timestamp": "2021-01-18T12:26:34+00:00",
            "Maximum": 23.31374787447211,
            "Unit": "Percent"
        },
        {
            "Timestamp": "2021-01-18T12:33:44+00:00",
            "Maximum": 23.35805465301007,
            "Unit": "Percent"
        },
        {
            "Timestamp": "2021-01-18T12:28:04+00:00",
            "Maximum": 23.335701683657586,
            "Unit": "Percent"
        },
        {
            "Timestamp": "2021-01-18T12:22:24+00:00",
            "Maximum": 23.38040762236255,
            "Unit": "Percent"
        },
        {
            "Timestamp": "2021-01-18T12:28:34+00:00",
            "Maximum": 23.38519754436665,
            "Unit": "Percent"
        },
        {
            "Timestamp": "2021-01-18T12:34:14+00:00",
            "Maximum": 23.356058852175025,
            "Unit": "Percent"
        },
        {
            "Timestamp": "2021-01-18T12:22:54+00:00",
            "Maximum": 23.379210141861524,
            "Unit": "Percent"
        },
        {
            "Timestamp": "2021-01-18T12:35:44+00:00",
            "Maximum": 23.34807564883485,
            "Unit": "Percent"
        },
        {
            "Timestamp": "2021-01-18T12:36:14+00:00",
            "Maximum": 23.370428618187333,
            "Unit": "Percent"
        },
        {
            "Timestamp": "2021-01-18T12:24:54+00:00",
            "Maximum": 23.321331917645274,
            "Unit": "Percent"
        },
        {
            "Timestamp": "2021-01-18T12:27:44+00:00",
            "Maximum": 23.307760471966983,
            "Unit": "Percent"
        },
        {
            "Timestamp": "2021-01-18T12:28:44+00:00",
            "Maximum": 23.350071449669894,
            "Unit": "Percent"
        },
        {
            "Timestamp": "2021-01-18T12:25:54+00:00",
            "Maximum": 23.31654199564117,
            "Unit": "Percent"
        },
        {
            "Timestamp": "2021-01-18T12:26:54+00:00",
            "Maximum": 23.312151233804077,
            "Unit": "Percent"
        },
        {
            "Timestamp": "2021-01-18T12:29:44+00:00",
            "Maximum": 23.349273129335877,
            "Unit": "Percent"
        },
        {
            "Timestamp": "2021-01-18T12:27:54+00:00",
            "Maximum": 23.306962151632963,
            "Unit": "Percent"
        },
        {
            "Timestamp": "2021-01-18T12:30:44+00:00",
            "Maximum": 23.37162609868836,
            "Unit": "Percent"
        },
        {
            "Timestamp": "2021-01-18T12:22:44+00:00",
            "Maximum": 23.38000846219554,
            "Unit": "Percent"
        },
        {
            "Timestamp": "2021-01-18T12:28:54+00:00",
            "Maximum": 23.349672289502887,
            "Unit": "Percent"
        },
        {
            "Timestamp": "2021-01-18T12:35:04+00:00",
            "Maximum": 23.352466410671948,
            "Unit": "Percent"
        },
        {
            "Timestamp": "2021-01-18T12:23:44+00:00",
            "Maximum": 23.324126038814335,
            "Unit": "Percent"
        },
        {
            "Timestamp": "2021-01-18T12:29:54+00:00",
            "Maximum": 23.381605102863574,
            "Unit": "Percent"
        },
        {
            "Timestamp": "2021-01-18T12:36:04+00:00",
            "Maximum": 23.37202525885537,
            "Unit": "Percent"
        },
        {
            "Timestamp": "2021-01-18T12:24:44+00:00",
            "Maximum": 23.3225293981463,
            "Unit": "Percent"
        },
        {
            "Timestamp": "2021-01-18T12:30:54+00:00",
            "Maximum": 23.37122693852135,
            "Unit": "Percent"
        },
        {
            "Timestamp": "2021-01-18T12:25:44+00:00",
            "Maximum": 23.31694115580818,
            "Unit": "Percent"
        },
        {
            "Timestamp": "2021-01-18T12:31:54+00:00",
            "Maximum": 23.36643701651725,
            "Unit": "Percent"
        },
        {
            "Timestamp": "2021-01-18T12:26:44+00:00",
            "Maximum": 23.312151233804077,
            "Unit": "Percent"
        },
        {
            "Timestamp": "2021-01-18T12:32:54+00:00",
            "Maximum": 23.362046254680152,
            "Unit": "Percent"
        }
    ]
}
