{
    "Label": "mem_used_percent",
    "Datapoints": [
        {
            "Timestamp": "2021-01-18T12:03:15+00:00",
            "Maximum": 23.2343150012374,
            "Unit": "Percent"
        },
        {
            "Timestamp": "2021-01-18T11:57:35+00:00",
            "Maximum": 23.215554473387993,
            "Unit": "Percent"
        },
        {
            "Timestamp": "2021-01-18T12:01:25+00:00",
            "Maximum": 23.167655253346958,
            "Unit": "Percent"
        },
        {
            "Timestamp": "2021-01-18T11:55:45+00:00",
            "Maximum": 24.072551351955486,
            "Unit": "Percent"
        },
        {
            "Timestamp": "2021-01-18T12:01:15+00:00",
            "Maximum": 23.167655253346958,
            "Unit": "Percent"
        },
        {
            "Timestamp": "2021-01-18T12:06:55+00:00",
            "Maximum": 23.6977399551344,
            "Unit": "Percent"
        },
        {
            "Timestamp": "2021-01-18T11:55:35+00:00",
            "Maximum": 24.060576546945228,
            "Unit": "Percent"
        },
        {
            "Timestamp": "2021-01-18T12:05:05+00:00",
            "Maximum": 23.658223098600544,
            "Unit": "Percent"
        },
        {
            "Timestamp": "2021-01-18T11:53:45+00:00",
            "Maximum": 21.634081891699864,
            "Unit": "Percent"
        },
        {
            "Timestamp": "2021-01-18T11:59:25+00:00",
            "Maximum": 23.25666797058988,
            "Unit": "Percent"
        },
        {
            "Timestamp": "2021-01-18T12:01:35+00:00",
            "Maximum": 23.25068056808475,
            "Unit": "Percent"
        },
        {
            "Timestamp": "2021-01-18T11:55:55+00:00",
            "Maximum": 24.149589264188148,
            "Unit": "Percent"
        },
        {
            "Timestamp": "2021-01-18T12:03:05+00:00",
            "Maximum": 23.21076455138389,
            "Unit": "Percent"
        },
        {
            "Timestamp": "2021-01-18T11:57:25+00:00",
            "Maximum": 24.22183725441671,
            "Unit": "Percent"
        },
        {
            "Timestamp": "2021-01-18T12:03:35+00:00",
            "Maximum": 23.233915841070388,
            "Unit": "Percent"
        },
        {
            "Timestamp": "2021-01-18T11:53:25+00:00",
            "Maximum": 21.69515339725218,
            "Unit": "Percent"
        },
        {
            "Timestamp": "2021-01-18T12:05:15+00:00",
            "Maximum": 23.657025618099517,
            "Unit": "Percent"
        },
        {
            "Timestamp": "2021-01-18T11:53:55+00:00",
            "Maximum": 21.642065095040035,
            "Unit": "Percent"
        },
        {
            "Timestamp": "2021-01-18T11:59:35+00:00",
            "Maximum": 23.25666797058988,
            "Unit": "Percent"
        },
        {
            "Timestamp": "2021-01-18T12:06:45+00:00",
            "Maximum": 23.731269409163122,
            "Unit": "Percent"
        },
        {
            "Timestamp": "2021-01-18T12:01:05+00:00",
            "Maximum": 23.169651054182,
            "Unit": "Percent"
        },
        {
            "Timestamp": "2021-01-18T11:55:25+00:00",
            "Maximum": 24.05139586310403,
            "Unit": "Percent"
        },
        {
            "Timestamp": "2021-01-18T12:03:45+00:00",
            "Maximum": 24.8888338934881,
            "Unit": "Percent"
        },
        {
            "Timestamp": "2021-01-18T12:00:55+00:00",
            "Maximum": 23.17005021434901,
            "Unit": "Percent"
        },
        {
            "Timestamp": "2021-01-18T11:52:25+00:00",
            "Maximum": 21.44208585136872,
            "Unit": "Percent"
        },
        {
            "Timestamp": "2021-01-18T12:04:45+00:00",
            "Maximum": 23.655828137598494,
            "Unit": "Percent"
        },
        {
            "Timestamp": "2021-01-18T12:01:55+00:00",
            "Maximum": 23.19040738286645,
            "Unit": "Percent"
        },
        {
            "Timestamp": "2021-01-18T11:57:55+00:00",
            "Maximum": 23.238306602907482,
            "Unit": "Percent"
        },
        {
            "Timestamp": "2021-01-18T12:00:45+00:00",
            "Maximum": 23.17244517535106,
            "Unit": "Percent"
        },
        {
            "Timestamp": "2021-01-18T12:01:45+00:00",
            "Maximum": 23.190806543033457,
            "Unit": "Percent"
        },
        {
            "Timestamp": "2021-01-18T11:58:55+00:00",
            "Maximum": 23.233516680903378,
            "Unit": "Percent"
        },
        {
            "Timestamp": "2021-01-18T11:59:55+00:00",
            "Maximum": 23.254672169754837,
            "Unit": "Percent"
        },
        {
            "Timestamp": "2021-01-18T12:02:45+00:00",
            "Maximum": 23.211962031884916,
            "Unit": "Percent"
        },
        {
            "Timestamp": "2021-01-18T11:52:35+00:00",
            "Maximum": 21.44208585136872,
            "Unit": "Percent"
        },
        {
            "Timestamp": "2021-01-18T11:58:45+00:00",
            "Maximum": 23.235113321571415,
            "Unit": "Percent"
        },
        {
            "Timestamp": "2021-01-18T12:04:55+00:00",
            "Maximum": 23.655428977431484,
            "Unit": "Percent"
        },
        {
            "Timestamp": "2021-01-18T11:53:35+00:00",
            "Maximum": 21.588577632660883,
            "Unit": "Percent"
        },
        {
            "Timestamp": "2021-01-18T11:59:45+00:00",
            "Maximum": 23.288999944117577,
            "Unit": "Percent"
        },
        {
            "Timestamp": "2021-01-18T12:05:55+00:00",
            "Maximum": 23.703727357639526,
            "Unit": "Percent"
        },
        {
            "Timestamp": "2021-01-18T11:54:35+00:00",
            "Maximum": 23.81868548573801,
            "Unit": "Percent"
        },
        {
            "Timestamp": "2021-01-18T11:56:45+00:00",
            "Maximum": 24.20068176556525,
            "Unit": "Percent"
        },
        {
            "Timestamp": "2021-01-18T12:02:55+00:00",
            "Maximum": 23.211163711550896,
            "Unit": "Percent"
        },
        {
            "Timestamp": "2021-01-18T11:57:45+00:00",
            "Maximum": 23.214756153053976,
            "Unit": "Percent"
        },
        {
            "Timestamp": "2021-01-18T12:03:55+00:00",
            "Maximum": 23.648643254592336,
            "Unit": "Percent"
        },
        {
            "Timestamp": "2021-01-18T12:06:05+00:00",
            "Maximum": 23.70292903730551,
            "Unit": "Percent"
        },
        {
            "Timestamp": "2021-01-18T12:00:25+00:00",
            "Maximum": 23.252676368919794,
            "Unit": "Percent"
        },
        {
            "Timestamp": "2021-01-18T11:54:45+00:00",
            "Maximum": 23.91887468765717,
            "Unit": "Percent"
        },
        {
            "Timestamp": "2021-01-18T12:04:15+00:00",
            "Maximum": 23.67099622394482,
            "Unit": "Percent"
        },
        {
            "Timestamp": "2021-01-18T11:58:35+00:00",
            "Maximum": 23.23551248173842,
            "Unit": "Percent"
        },
        {
            "Timestamp": "2021-01-18T11:52:55+00:00",
            "Maximum": 21.44767409370684,
            "Unit": "Percent"
        },
        {
            "Timestamp": "2021-01-18T12:04:05+00:00",
            "Maximum": 23.680975228120037,
            "Unit": "Percent"
        },
        {
            "Timestamp": "2021-01-18T11:58:25+00:00",
            "Maximum": 23.266247814598085,
            "Unit": "Percent"
        },
        {
            "Timestamp": "2021-01-18T11:52:45+00:00",
            "Maximum": 21.44527913270479,
            "Unit": "Percent"
        },
        {
            "Timestamp": "2021-01-18T12:02:15+00:00",
            "Maximum": 23.188810742198413,
            "Unit": "Percent"
        },
        {
            "Timestamp": "2021-01-18T11:56:35+00:00",
            "Maximum": 24.20946328923944,
            "Unit": "Percent"
        },
        {
            "Timestamp": "2021-01-18T12:02:05+00:00",
            "Maximum": 23.189609062532433,
            "Unit": "Percent"
        },
        {
            "Timestamp": "2021-01-18T11:56:25+00:00",
            "Maximum": 24.233812059426967,
            "Unit": "Percent"
        },
        {
            "Timestamp": "2021-01-18T12:02:35+00:00",
            "Maximum": 23.212760352218933,
            "Unit": "Percent"
        },
        {
            "Timestamp": "2021-01-18T11:56:55+00:00",
            "Maximum": 24.365934074706818,
            "Unit": "Percent"
        },
        {
            "Timestamp": "2021-01-18T12:05:45+00:00",
            "Maximum": 23.679378587452,
            "Unit": "Percent"
        },
        {
            "Timestamp": "2021-01-18T12:00:05+00:00",
            "Maximum": 23.2530755290868,
            "Unit": "Percent"
        },
        {
            "Timestamp": "2021-01-18T12:06:15+00:00",
            "Maximum": 23.700933236470465,
            "Unit": "Percent"
        },
        {
            "Timestamp": "2021-01-18T11:54:25+00:00",
            "Maximum": 23.783958551208258,
            "Unit": "Percent"
        },
        {
            "Timestamp": "2021-01-18T12:00:35+00:00",
            "Maximum": 23.173243495685078,
            "Unit": "Percent"
        },
        {
            "Timestamp": "2021-01-18T11:54:55+00:00",
            "Maximum": 23.952004981518883,
            "Unit": "Percent"
        },
        {
            "Timestamp": "2021-01-18T11:54:15+00:00",
            "Maximum": 23.2299242394003,
            "Unit": "Percent"
        },
        {
            "Timestamp": "2021-01-18T11:57:05+00:00",
            "Maximum": 24.22383305525175,
            "Unit": "Percent"
        },
        {
            "Timestamp": "2021-01-18T12:06:35+00:00",
            "Maximum": 23.698538275468415,
            "Unit": "Percent"
        },
        {
            "Timestamp": "2021-01-18T11:58:05+00:00",
            "Maximum": 23.237907442740475,
            "Unit": "Percent"
        },
        {
            "Timestamp": "2021-01-18T11:55:15+00:00",
            "Maximum": 24.040618538594796,
            "Unit": "Percent"
        },
        {
            "Timestamp": "2021-01-18T11:56:15+00:00",
            "Maximum": 24.170744753039603,
            "Unit": "Percent"
        },
        {
            "Timestamp": "2021-01-18T11:59:05+00:00",
            "Maximum": 23.233516680903378,
            "Unit": "Percent"
        },
        {
            "Timestamp": "2021-01-18T11:52:15+00:00",
            "Maximum": 21.43969089036667,
            "Unit": "Percent"
        },
        {
            "Timestamp": "2021-01-18T11:55:05+00:00",
            "Maximum": 23.967971388199228,
            "Unit": "Percent"
        },
        {
            "Timestamp": "2021-01-18T12:04:35+00:00",
            "Maximum": 23.690155911961234,
            "Unit": "Percent"
        },
        {
            "Timestamp": "2021-01-18T11:56:05+00:00",
            "Maximum": 24.171543073373623,
            "Unit": "Percent"
        },
        {
            "Timestamp": "2021-01-18T11:53:15+00:00",
            "Maximum": 21.558241459968226,
            "Unit": "Percent"
        },
        {
            "Timestamp": "2021-01-18T12:05:35+00:00",
            "Maximum": 23.680576067953027,
            "Unit": "Percent"
        },
        {
            "Timestamp": "2021-01-18T12:04:25+00:00",
            "Maximum": 23.657025618099517,
            "Unit": "Percent"
        },
        {
            "Timestamp": "2021-01-18T11:53:05+00:00",
            "Maximum": 21.50235903658702,
            "Unit": "Percent"
        },
        {
            "Timestamp": "2021-01-18T11:59:15+00:00",
            "Maximum": 23.257865451090904,
            "Unit": "Percent"
        },
        {
            "Timestamp": "2021-01-18T12:05:25+00:00",
            "Maximum": 23.680975228120037,
            "Unit": "Percent"
        },
        {
            "Timestamp": "2021-01-18T11:54:05+00:00",
            "Maximum": 21.69235927608312,
            "Unit": "Percent"
        },
        {
            "Timestamp": "2021-01-18T12:00:15+00:00",
            "Maximum": 23.252676368919794,
            "Unit": "Percent"
        },
        {
            "Timestamp": "2021-01-18T12:06:25+00:00",
            "Maximum": 23.70811811947662,
            "Unit": "Percent"
        },
        {
            "Timestamp": "2021-01-18T12:02:25+00:00",
            "Maximum": 23.21355867255295,
            "Unit": "Percent"
        },
        {
            "Timestamp": "2021-01-18T11:57:15+00:00",
            "Maximum": 24.223433895084742,
            "Unit": "Percent"
        },
        {
            "Timestamp": "2021-01-18T12:03:25+00:00",
            "Maximum": 23.2670461349321,
            "Unit": "Percent"
        },
        {
            "Timestamp": "2021-01-18T11:52:05+00:00",
            "Maximum": 21.4364976090306,
            "Unit": "Percent"
        },
        {
            "Timestamp": "2021-01-18T11:58:15+00:00",
            "Maximum": 23.237508282573465,
            "Unit": "Percent"
        }
    ]
}
