{
    "Label": "mem_used_percent",
    "Datapoints": [
        {
            "Timestamp": "2021-01-18T12:00:44+00:00",
            "Maximum": 23.027550034726936,
            "Unit": "Percent"
        },
        {
            "Timestamp": "2021-01-18T11:55:04+00:00",
            "Maximum": 24.045009300431893,
            "Unit": "Percent"
        },
        {
            "Timestamp": "2021-01-18T12:04:34+00:00",
            "Maximum": 23.36603785635024,
            "Unit": "Percent"
        },
        {
            "Timestamp": "2021-01-18T11:58:54+00:00",
            "Maximum": 23.110575349464725,
            "Unit": "Percent"
        },
        {
            "Timestamp": "2021-01-18T11:53:14+00:00",
            "Maximum": 21.639670134037985,
            "Unit": "Percent"
        },
        {
            "Timestamp": "2021-01-18T12:02:44+00:00",
            "Maximum": 23.018369350885738,
            "Unit": "Percent"
        },
        {
            "Timestamp": "2021-01-18T11:57:04+00:00",
            "Maximum": 24.150786744689174,
            "Unit": "Percent"
        },
        {
            "Timestamp": "2021-01-18T12:00:54+00:00",
            "Maximum": 23.0259533940589,
            "Unit": "Percent"
        },
        {
            "Timestamp": "2021-01-18T12:06:34+00:00",
            "Maximum": 23.4059538730511,
            "Unit": "Percent"
        },
        {
            "Timestamp": "2021-01-18T11:55:14+00:00",
            "Maximum": 24.09490432130797,
            "Unit": "Percent"
        },
        {
            "Timestamp": "2021-01-18T12:04:44+00:00",
            "Maximum": 23.390386626537765,
            "Unit": "Percent"
        },
        {
            "Timestamp": "2021-01-18T12:02:24+00:00",
            "Maximum": 23.019167671219755,
            "Unit": "Percent"
        },
        {
            "Timestamp": "2021-01-18T11:56:44+00:00",
            "Maximum": 24.14919010402114,
            "Unit": "Percent"
        },
        {
            "Timestamp": "2021-01-18T12:02:54+00:00",
            "Maximum": 23.01717187038471,
            "Unit": "Percent"
        },
        {
            "Timestamp": "2021-01-18T11:57:14+00:00",
            "Maximum": 24.150387584522164,
            "Unit": "Percent"
        },
        {
            "Timestamp": "2021-01-18T12:04:24+00:00",
            "Maximum": 23.366836176684256,
            "Unit": "Percent"
        },
        {
            "Timestamp": "2021-01-18T11:58:44+00:00",
            "Maximum": 23.11217199013276,
            "Unit": "Percent"
        },
        {
            "Timestamp": "2021-01-18T11:53:04+00:00",
            "Maximum": 21.5107414000942,
            "Unit": "Percent"
        },
        {
            "Timestamp": "2021-01-18T12:04:54+00:00",
            "Maximum": 23.38958830620375,
            "Unit": "Percent"
        },
        {
            "Timestamp": "2021-01-18T11:53:34+00:00",
            "Maximum": 21.613325563015415,
            "Unit": "Percent"
        },
        {
            "Timestamp": "2021-01-18T11:59:14+00:00",
            "Maximum": 23.110176189297718,
            "Unit": "Percent"
        },
        {
            "Timestamp": "2021-01-18T12:06:24+00:00",
            "Maximum": 23.4059538730511,
            "Unit": "Percent"
        },
        {
            "Timestamp": "2021-01-18T12:06:54+00:00",
            "Maximum": 23.403958072216057,
            "Unit": "Percent"
        },
        {
            "Timestamp": "2021-01-18T11:58:24+00:00",
            "Maximum": 23.113369470633785,
            "Unit": "Percent"
        },
        {
            "Timestamp": "2021-01-18T11:55:34+00:00",
            "Maximum": 24.146795143019087,
            "Unit": "Percent"
        },
        {
            "Timestamp": "2021-01-18T11:59:24+00:00",
            "Maximum": 23.1093778689637,
            "Unit": "Percent"
        },
        {
            "Timestamp": "2021-01-18T11:56:34+00:00",
            "Maximum": 24.152782545524218,
            "Unit": "Percent"
        },
        {
            "Timestamp": "2021-01-18T11:57:34+00:00",
            "Maximum": 23.09221398178233,
            "Unit": "Percent"
        },
        {
            "Timestamp": "2021-01-18T12:00:24+00:00",
            "Maximum": 23.128936717147123,
            "Unit": "Percent"
        },
        {
            "Timestamp": "2021-01-18T11:58:34+00:00",
            "Maximum": 23.112571150299768,
            "Unit": "Percent"
        },
        {
            "Timestamp": "2021-01-18T12:01:24+00:00",
            "Maximum": 23.02355843305685,
            "Unit": "Percent"
        },
        {
            "Timestamp": "2021-01-18T11:53:24+00:00",
            "Maximum": 21.591371753829943,
            "Unit": "Percent"
        },
        {
            "Timestamp": "2021-01-18T11:59:34+00:00",
            "Maximum": 23.108579548629685,
            "Unit": "Percent"
        },
        {
            "Timestamp": "2021-01-18T12:05:44+00:00",
            "Maximum": 23.409945474721187,
            "Unit": "Percent"
        },
        {
            "Timestamp": "2021-01-18T11:54:24+00:00",
            "Maximum": 23.870576307449127,
            "Unit": "Percent"
        },
        {
            "Timestamp": "2021-01-18T12:00:34+00:00",
            "Maximum": 23.028348355060952,
            "Unit": "Percent"
        },
        {
            "Timestamp": "2021-01-18T12:06:44+00:00",
            "Maximum": 23.405554712884094,
            "Unit": "Percent"
        },
        {
            "Timestamp": "2021-01-18T11:55:24+00:00",
            "Maximum": 24.162761549699432,
            "Unit": "Percent"
        },
        {
            "Timestamp": "2021-01-18T12:01:34+00:00",
            "Maximum": 23.02355843305685,
            "Unit": "Percent"
        },
        {
            "Timestamp": "2021-01-18T11:56:24+00:00",
            "Maximum": 24.153580865858235,
            "Unit": "Percent"
        },
        {
            "Timestamp": "2021-01-18T12:02:34+00:00",
            "Maximum": 23.018369350885738,
            "Unit": "Percent"
        },
        {
            "Timestamp": "2021-01-18T11:57:24+00:00",
            "Maximum": 24.14879094385413,
            "Unit": "Percent"
        },
        {
            "Timestamp": "2021-01-18T12:03:34+00:00",
            "Maximum": 23.01397858904864,
            "Unit": "Percent"
        },
        {
            "Timestamp": "2021-01-18T11:57:54+00:00",
            "Maximum": 23.090218180947286,
            "Unit": "Percent"
        },
        {
            "Timestamp": "2021-01-18T11:52:14+00:00",
            "Maximum": 21.35866137646392,
            "Unit": "Percent"
        },
        {
            "Timestamp": "2021-01-18T11:56:04+00:00",
            "Maximum": 24.182719558049865,
            "Unit": "Percent"
        },
        {
            "Timestamp": "2021-01-18T12:01:44+00:00",
            "Maximum": 23.022760112722832,
            "Unit": "Percent"
        },
        {
            "Timestamp": "2021-01-18T12:05:34+00:00",
            "Maximum": 23.41194127555623,
            "Unit": "Percent"
        },
        {
            "Timestamp": "2021-01-18T11:59:54+00:00",
            "Maximum": 23.131331678149174,
            "Unit": "Percent"
        },
        {
            "Timestamp": "2021-01-18T11:54:14+00:00",
            "Maximum": 21.78496443482912,
            "Unit": "Percent"
        },
        {
            "Timestamp": "2021-01-18T12:03:44+00:00",
            "Maximum": 23.06347444975771,
            "Unit": "Percent"
        },
        {
            "Timestamp": "2021-01-18T11:58:04+00:00",
            "Maximum": 23.11536527146883,
            "Unit": "Percent"
        },
        {
            "Timestamp": "2021-01-18T11:52:24+00:00",
            "Maximum": 21.361854657799988,
            "Unit": "Percent"
        },
        {
            "Timestamp": "2021-01-18T12:01:54+00:00",
            "Maximum": 23.021562632221805,
            "Unit": "Percent"
        },
        {
            "Timestamp": "2021-01-18T11:56:14+00:00",
            "Maximum": 24.155177506526268,
            "Unit": "Percent"
        },
        {
            "Timestamp": "2021-01-18T12:03:24+00:00",
            "Maximum": 23.01437774921565,
            "Unit": "Percent"
        },
        {
            "Timestamp": "2021-01-18T11:57:44+00:00",
            "Maximum": 23.091415661448313,
            "Unit": "Percent"
        },
        {
            "Timestamp": "2021-01-18T11:52:04+00:00",
            "Maximum": 21.330321004606308,
            "Unit": "Percent"
        },
        {
            "Timestamp": "2021-01-18T12:03:54+00:00",
            "Maximum": 23.36603785635024,
            "Unit": "Percent"
        },
        {
            "Timestamp": "2021-01-18T11:58:14+00:00",
            "Maximum": 23.11456695113481,
            "Unit": "Percent"
        },
        {
            "Timestamp": "2021-01-18T11:52:34+00:00",
            "Maximum": 21.361854657799988,
            "Unit": "Percent"
        },
        {
            "Timestamp": "2021-01-18T12:05:24+00:00",
            "Maximum": 23.38599586470067,
            "Unit": "Percent"
        },
        {
            "Timestamp": "2021-01-18T11:59:44+00:00",
            "Maximum": 23.108180388462674,
            "Unit": "Percent"
        },
        {
            "Timestamp": "2021-01-18T12:05:54+00:00",
            "Maximum": 23.40874799422016,
            "Unit": "Percent"
        },
        {
            "Timestamp": "2021-01-18T11:54:04+00:00",
            "Maximum": 21.7099223234315,
            "Unit": "Percent"
        },
        {
            "Timestamp": "2021-01-18T12:00:14+00:00",
            "Maximum": 23.130134197648147,
            "Unit": "Percent"
        },
        {
            "Timestamp": "2021-01-18T11:54:34+00:00",
            "Maximum": 23.883349432793402,
            "Unit": "Percent"
        },
        {
            "Timestamp": "2021-01-18T12:01:14+00:00",
            "Maximum": 23.024755913557875,
            "Unit": "Percent"
        },
        {
            "Timestamp": "2021-01-18T12:04:04+00:00",
            "Maximum": 23.36843281735229,
            "Unit": "Percent"
        },
        {
            "Timestamp": "2021-01-18T11:52:44+00:00",
            "Maximum": 21.36424961880204,
            "Unit": "Percent"
        },
        {
            "Timestamp": "2021-01-18T12:05:04+00:00",
            "Maximum": 23.38839082570272,
            "Unit": "Percent"
        },
        {
            "Timestamp": "2021-01-18T12:02:14+00:00",
            "Maximum": 23.020365151720778,
            "Unit": "Percent"
        },
        {
            "Timestamp": "2021-01-18T11:53:44+00:00",
            "Maximum": 21.644859216209095,
            "Unit": "Percent"
        },
        {
            "Timestamp": "2021-01-18T12:03:14+00:00",
            "Maximum": 23.015974389883684,
            "Unit": "Percent"
        },
        {
            "Timestamp": "2021-01-18T12:06:04+00:00",
            "Maximum": 23.408348834053154,
            "Unit": "Percent"
        },
        {
            "Timestamp": "2021-01-18T11:54:44+00:00",
            "Maximum": 23.967971388199228,
            "Unit": "Percent"
        },
        {
            "Timestamp": "2021-01-18T12:04:14+00:00",
            "Maximum": 23.368033657185283,
            "Unit": "Percent"
        },
        {
            "Timestamp": "2021-01-18T11:55:44+00:00",
            "Maximum": 24.17792963604576,
            "Unit": "Percent"
        },
        {
            "Timestamp": "2021-01-18T11:52:54+00:00",
            "Maximum": 21.558640620135236,
            "Unit": "Percent"
        },
        {
            "Timestamp": "2021-01-18T11:59:04+00:00",
            "Maximum": 23.110575349464725,
            "Unit": "Percent"
        },
        {
            "Timestamp": "2021-01-18T12:05:14+00:00",
            "Maximum": 23.387193345201695,
            "Unit": "Percent"
        },
        {
            "Timestamp": "2021-01-18T11:53:54+00:00",
            "Maximum": 21.694754237085174,
            "Unit": "Percent"
        },
        {
            "Timestamp": "2021-01-18T12:00:04+00:00",
            "Maximum": 23.130932517982167,
            "Unit": "Percent"
        },
        {
            "Timestamp": "2021-01-18T12:06:14+00:00",
            "Maximum": 23.407550513719134,
            "Unit": "Percent"
        },
        {
            "Timestamp": "2021-01-18T11:54:54+00:00",
            "Maximum": 24.01706808874129,
            "Unit": "Percent"
        },
        {
            "Timestamp": "2021-01-18T12:01:04+00:00",
            "Maximum": 23.025554233891892,
            "Unit": "Percent"
        },
        {
            "Timestamp": "2021-01-18T11:55:54+00:00",
            "Maximum": 24.179925436880804,
            "Unit": "Percent"
        },
        {
            "Timestamp": "2021-01-18T12:02:04+00:00",
            "Maximum": 23.02076431188779,
            "Unit": "Percent"
        },
        {
            "Timestamp": "2021-01-18T11:56:54+00:00",
            "Maximum": 24.15118590485618,
            "Unit": "Percent"
        },
        {
            "Timestamp": "2021-01-18T12:03:04+00:00",
            "Maximum": 23.016373550050695,
            "Unit": "Percent"
        }
    ]
}
