{
    "Label": "mem_used_percent",
    "Datapoints": [
        {
            "Timestamp": "2021-01-18T12:08:55+00:00",
            "Maximum": 23.712908041480723,
            "Unit": "Percent"
        },
        {
            "Timestamp": "2021-01-18T12:18:25+00:00",
            "Maximum": 23.487781707287866,
            "Unit": "Percent"
        },
        {
            "Timestamp": "2021-01-18T12:12:45+00:00",
            "Maximum": 23.341289925995707,
            "Unit": "Percent"
        },
        {
            "Timestamp": "2021-01-18T12:07:05+00:00",
            "Maximum": 23.69654247463337,
            "Unit": "Percent"
        },
        {
            "Timestamp": "2021-01-18T12:16:35+00:00",
            "Maximum": 23.376416020692464,
            "Unit": "Percent"
        },
        {
            "Timestamp": "2021-01-18T12:10:55+00:00",
            "Maximum": 23.652634856262424,
            "Unit": "Percent"
        },
        {
            "Timestamp": "2021-01-18T12:12:35+00:00",
            "Maximum": 23.341689086162713,
            "Unit": "Percent"
        },
        {
            "Timestamp": "2021-01-18T12:16:25+00:00",
            "Maximum": 23.376416020692464,
            "Unit": "Percent"
        },
        {
            "Timestamp": "2021-01-18T12:10:45+00:00",
            "Maximum": 23.628685246241908,
            "Unit": "Percent"
        },
        {
            "Timestamp": "2021-01-18T12:20:15+00:00",
            "Maximum": 23.5356809273289,
            "Unit": "Percent"
        },
        {
            "Timestamp": "2021-01-18T12:14:35+00:00",
            "Maximum": 23.361647094513145,
            "Unit": "Percent"
        },
        {
            "Timestamp": "2021-01-18T12:20:05+00:00",
            "Maximum": 23.53288680615984,
            "Unit": "Percent"
        },
        {
            "Timestamp": "2021-01-18T12:14:25+00:00",
            "Maximum": 23.362046254680152,
            "Unit": "Percent"
        },
        {
            "Timestamp": "2021-01-18T12:08:45+00:00",
            "Maximum": 23.71370636181474,
            "Unit": "Percent"
        },
        {
            "Timestamp": "2021-01-18T12:14:55+00:00",
            "Maximum": 23.359651293678102,
            "Unit": "Percent"
        },
        {
            "Timestamp": "2021-01-18T12:20:35+00:00",
            "Maximum": 23.531290165491804,
            "Unit": "Percent"
        },
        {
            "Timestamp": "2021-01-18T12:09:15+00:00",
            "Maximum": 23.609924718392502,
            "Unit": "Percent"
        },
        {
            "Timestamp": "2021-01-18T12:12:25+00:00",
            "Maximum": 23.677781946783966,
            "Unit": "Percent"
        },
        {
            "Timestamp": "2021-01-18T12:18:05+00:00",
            "Maximum": 23.488580027621882,
            "Unit": "Percent"
        },
        {
            "Timestamp": "2021-01-18T12:18:35+00:00",
            "Maximum": 23.486185066619832,
            "Unit": "Percent"
        },
        {
            "Timestamp": "2021-01-18T12:07:15+00:00",
            "Maximum": 23.695744154299355,
            "Unit": "Percent"
        },
        {
            "Timestamp": "2021-01-18T12:12:55+00:00",
            "Maximum": 23.340491605661686,
            "Unit": "Percent"
        },
        {
            "Timestamp": "2021-01-18T12:12:15+00:00",
            "Maximum": 23.64505081308926,
            "Unit": "Percent"
        },
        {
            "Timestamp": "2021-01-18T12:15:05+00:00",
            "Maximum": 23.359651293678102,
            "Unit": "Percent"
        },
        {
            "Timestamp": "2021-01-18T12:13:15+00:00",
            "Maximum": 23.338495804826646,
            "Unit": "Percent"
        },
        {
            "Timestamp": "2021-01-18T12:16:05+00:00",
            "Maximum": 23.379210141861524,
            "Unit": "Percent"
        },
        {
            "Timestamp": "2021-01-18T12:21:35+00:00",
            "Maximum": 23.551647334009246,
            "Unit": "Percent"
        },
        {
            "Timestamp": "2021-01-18T12:10:15+00:00",
            "Maximum": 23.631479367410968,
            "Unit": "Percent"
        },
        {
            "Timestamp": "2021-01-18T12:13:05+00:00",
            "Maximum": 23.34009244549468,
            "Unit": "Percent"
        },
        {
            "Timestamp": "2021-01-18T12:14:05+00:00",
            "Maximum": 23.364042055515196,
            "Unit": "Percent"
        },
        {
            "Timestamp": "2021-01-18T12:11:15+00:00",
            "Maximum": 23.626290285239854,
            "Unit": "Percent"
        },
        {
            "Timestamp": "2021-01-18T12:16:15+00:00",
            "Maximum": 23.38040762236255,
            "Unit": "Percent"
        },
        {
            "Timestamp": "2021-01-18T12:11:05+00:00",
            "Maximum": 23.626689445406864,
            "Unit": "Percent"
        },
        {
            "Timestamp": "2021-01-18T12:17:15+00:00",
            "Maximum": 23.597151593048228,
            "Unit": "Percent"
        },
        {
            "Timestamp": "2021-01-18T12:12:05+00:00",
            "Maximum": 23.64544997325627,
            "Unit": "Percent"
        },
        {
            "Timestamp": "2021-01-18T12:18:15+00:00",
            "Maximum": 23.488180867454876,
            "Unit": "Percent"
        },
        {
            "Timestamp": "2021-01-18T12:14:15+00:00",
            "Maximum": 23.362445414847162,
            "Unit": "Percent"
        },
        {
            "Timestamp": "2021-01-18T12:20:25+00:00",
            "Maximum": 23.531689325658814,
            "Unit": "Percent"
        },
        {
            "Timestamp": "2021-01-18T12:09:05+00:00",
            "Maximum": 23.61072303872652,
            "Unit": "Percent"
        },
        {
            "Timestamp": "2021-01-18T12:15:15+00:00",
            "Maximum": 23.35805465301007,
            "Unit": "Percent"
        },
        {
            "Timestamp": "2021-01-18T12:21:25+00:00",
            "Maximum": 23.552445654343263,
            "Unit": "Percent"
        },
        {
            "Timestamp": "2021-01-18T12:10:05+00:00",
            "Maximum": 23.631080207243958,
            "Unit": "Percent"
        },
        {
            "Timestamp": "2021-01-18T12:11:45+00:00",
            "Maximum": 23.647046613924303,
            "Unit": "Percent"
        },
        {
            "Timestamp": "2021-01-18T12:21:15+00:00",
            "Maximum": 23.55284481451027,
            "Unit": "Percent"
        },
        {
            "Timestamp": "2021-01-18T12:09:55+00:00",
            "Maximum": 23.632676847911995,
            "Unit": "Percent"
        },
        {
            "Timestamp": "2021-01-18T12:15:35+00:00",
            "Maximum": 23.387193345201695,
            "Unit": "Percent"
        },
        {
            "Timestamp": "2021-01-18T12:19:25+00:00",
            "Maximum": 23.511332157141375,
            "Unit": "Percent"
        },
        {
            "Timestamp": "2021-01-18T12:08:05+00:00",
            "Maximum": 23.71689964315081,
            "Unit": "Percent"
        },
        {
            "Timestamp": "2021-01-18T12:13:45+00:00",
            "Maximum": 23.361647094513145,
            "Unit": "Percent"
        },
        {
            "Timestamp": "2021-01-18T12:09:45+00:00",
            "Maximum": 23.633076008079,
            "Unit": "Percent"
        },
        {
            "Timestamp": "2021-01-18T12:15:25+00:00",
            "Maximum": 23.357655492843058,
            "Unit": "Percent"
        },
        {
            "Timestamp": "2021-01-18T12:19:15+00:00",
            "Maximum": 23.51173131730838,
            "Unit": "Percent"
        },
        {
            "Timestamp": "2021-01-18T12:07:55+00:00",
            "Maximum": 23.718097123651837,
            "Unit": "Percent"
        },
        {
            "Timestamp": "2021-01-18T12:13:35+00:00",
            "Maximum": 23.338096644659636,
            "Unit": "Percent"
        },
        {
            "Timestamp": "2021-01-18T12:17:25+00:00",
            "Maximum": 23.596752432881217,
            "Unit": "Percent"
        },
        {
            "Timestamp": "2021-01-18T12:13:25+00:00",
            "Maximum": 23.338495804826646,
            "Unit": "Percent"
        },
        {
            "Timestamp": "2021-01-18T12:07:45+00:00",
            "Maximum": 23.718496283818844,
            "Unit": "Percent"
        },
        {
            "Timestamp": "2021-01-18T12:19:35+00:00",
            "Maximum": 23.53528176716189,
            "Unit": "Percent"
        },
        {
            "Timestamp": "2021-01-18T12:13:55+00:00",
            "Maximum": 23.361247934346135,
            "Unit": "Percent"
        },
        {
            "Timestamp": "2021-01-18T12:08:15+00:00",
            "Maximum": 23.7165004829838,
            "Unit": "Percent"
        },
        {
            "Timestamp": "2021-01-18T12:21:05+00:00",
            "Maximum": 23.612718839561563,
            "Unit": "Percent"
        },
        {
            "Timestamp": "2021-01-18T12:17:05+00:00",
            "Maximum": 23.600344874384295,
            "Unit": "Percent"
        },
        {
            "Timestamp": "2021-01-18T12:11:25+00:00",
            "Maximum": 23.70891643981064,
            "Unit": "Percent"
        },
        {
            "Timestamp": "2021-01-18T12:17:35+00:00",
            "Maximum": 23.490575828456926,
            "Unit": "Percent"
        },
        {
            "Timestamp": "2021-01-18T12:11:55+00:00",
            "Maximum": 23.647046613924303,
            "Unit": "Percent"
        },
        {
            "Timestamp": "2021-01-18T12:19:05+00:00",
            "Maximum": 23.512529637642402,
            "Unit": "Percent"
        },
        {
            "Timestamp": "2021-01-18T12:20:45+00:00",
            "Maximum": 23.530891005324797,
            "Unit": "Percent"
        },
        {
            "Timestamp": "2021-01-18T12:17:55+00:00",
            "Maximum": 23.49017666828992,
            "Unit": "Percent"
        },
        {
            "Timestamp": "2021-01-18T12:09:25+00:00",
            "Maximum": 23.609525558225492,
            "Unit": "Percent"
        },
        {
            "Timestamp": "2021-01-18T12:18:55+00:00",
            "Maximum": 23.513727118143425,
            "Unit": "Percent"
        },
        {
            "Timestamp": "2021-01-18T12:21:45+00:00",
            "Maximum": 23.551248173842236,
            "Unit": "Percent"
        },
        {
            "Timestamp": "2021-01-18T12:10:25+00:00",
            "Maximum": 23.664210501105675,
            "Unit": "Percent"
        },
        {
            "Timestamp": "2021-01-18T12:07:35+00:00",
            "Maximum": 23.69374835346431,
            "Unit": "Percent"
        },
        {
            "Timestamp": "2021-01-18T12:15:55+00:00",
            "Maximum": 23.356058852175025,
            "Unit": "Percent"
        },
        {
            "Timestamp": "2021-01-18T12:18:45+00:00",
            "Maximum": 23.511332157141375,
            "Unit": "Percent"
        },
        {
            "Timestamp": "2021-01-18T12:07:25+00:00",
            "Maximum": 23.695344994132345,
            "Unit": "Percent"
        },
        {
            "Timestamp": "2021-01-18T12:19:45+00:00",
            "Maximum": 23.534882606994884,
            "Unit": "Percent"
        },
        {
            "Timestamp": "2021-01-18T12:16:55+00:00",
            "Maximum": 23.373621899523403,
            "Unit": "Percent"
        },
        {
            "Timestamp": "2021-01-18T12:08:25+00:00",
            "Maximum": 23.716101322816794,
            "Unit": "Percent"
        },
        {
            "Timestamp": "2021-01-18T12:10:35+00:00",
            "Maximum": 23.629483566575924,
            "Unit": "Percent"
        },
        {
            "Timestamp": "2021-01-18T12:16:45+00:00",
            "Maximum": 23.37442021985742,
            "Unit": "Percent"
        },
        {
            "Timestamp": "2021-01-18T12:11:35+00:00",
            "Maximum": 23.64784493425832,
            "Unit": "Percent"
        },
        {
            "Timestamp": "2021-01-18T12:17:45+00:00",
            "Maximum": 23.49017666828992,
            "Unit": "Percent"
        },
        {
            "Timestamp": "2021-01-18T12:19:55+00:00",
            "Maximum": 23.534483446827874,
            "Unit": "Percent"
        },
        {
            "Timestamp": "2021-01-18T12:08:35+00:00",
            "Maximum": 23.71410552198175,
            "Unit": "Percent"
        },
        {
            "Timestamp": "2021-01-18T12:14:45+00:00",
            "Maximum": 23.36044961401212,
            "Unit": "Percent"
        },
        {
            "Timestamp": "2021-01-18T12:20:55+00:00",
            "Maximum": 23.530491845157787,
            "Unit": "Percent"
        },
        {
            "Timestamp": "2021-01-18T12:09:35+00:00",
            "Maximum": 23.60832807772447,
            "Unit": "Percent"
        },
        {
            "Timestamp": "2021-01-18T12:15:45+00:00",
            "Maximum": 23.355659692008015,
            "Unit": "Percent"
        },
        {
            "Timestamp": "2021-01-18T12:21:55+00:00",
            "Maximum": 23.549252373007192,
            "Unit": "Percent"
        }
    ]
}
