{
    "Label": "mem_used_percent",
    "Datapoints": [
        {
            "Timestamp": "2021-01-18T12:04:23+00:00",
            "Maximum": 23.369630297853316,
            "Unit": "Percent"
        },
        {
            "Timestamp": "2021-01-18T11:53:03+00:00",
            "Maximum": 21.120761916926785,
            "Unit": "Percent"
        },
        {
            "Timestamp": "2021-01-18T11:58:43+00:00",
            "Maximum": 23.109777029130708,
            "Unit": "Percent"
        },
        {
            "Timestamp": "2021-01-18T11:56:53+00:00",
            "Maximum": 23.09261314194934,
            "Unit": "Percent"
        },
        {
            "Timestamp": "2021-01-18T12:02:33+00:00",
            "Maximum": 22.94532304032316,
            "Unit": "Percent"
        },
        {
            "Timestamp": "2021-01-18T12:02:23+00:00",
            "Maximum": 22.94572220049017,
            "Unit": "Percent"
        },
        {
            "Timestamp": "2021-01-18T11:56:43+00:00",
            "Maximum": 23.094209782617373,
            "Unit": "Percent"
        },
        {
            "Timestamp": "2021-01-18T12:00:33+00:00",
            "Maximum": 22.929755793809825,
            "Unit": "Percent"
        },
        {
            "Timestamp": "2021-01-18T12:06:13+00:00",
            "Maximum": 23.361247934346135,
            "Unit": "Percent"
        },
        {
            "Timestamp": "2021-01-18T11:54:53+00:00",
            "Maximum": 23.541668329834028,
            "Unit": "Percent"
        },
        {
            "Timestamp": "2021-01-18T12:02:43+00:00",
            "Maximum": 22.94492388015615,
            "Unit": "Percent"
        },
        {
            "Timestamp": "2021-01-18T11:57:03+00:00",
            "Maximum": 23.117760232470882,
            "Unit": "Percent"
        },
        {
            "Timestamp": "2021-01-18T12:04:13+00:00",
            "Maximum": 23.370428618187333,
            "Unit": "Percent"
        },
        {
            "Timestamp": "2021-01-18T11:58:33+00:00",
            "Maximum": 23.110176189297718,
            "Unit": "Percent"
        },
        {
            "Timestamp": "2021-01-18T11:52:53+00:00",
            "Maximum": 21.120761916926785,
            "Unit": "Percent"
        },
        {
            "Timestamp": "2021-01-18T12:04:43+00:00",
            "Maximum": 23.36843281735229,
            "Unit": "Percent"
        },
        {
            "Timestamp": "2021-01-18T11:54:33+00:00",
            "Maximum": 23.44866401092102,
            "Unit": "Percent"
        },
        {
            "Timestamp": "2021-01-18T12:06:23+00:00",
            "Maximum": 23.359651293678102,
            "Unit": "Percent"
        },
        {
            "Timestamp": "2021-01-18T12:00:43+00:00",
            "Maximum": 22.929356633642815,
            "Unit": "Percent"
        },
        {
            "Timestamp": "2021-01-18T11:55:03+00:00",
            "Maximum": 23.5728028228607,
            "Unit": "Percent"
        },
        {
            "Timestamp": "2021-01-18T12:02:13+00:00",
            "Maximum": 22.946919680991194,
            "Unit": "Percent"
        },
        {
            "Timestamp": "2021-01-18T11:56:33+00:00",
            "Maximum": 23.094608942784383,
            "Unit": "Percent"
        },
        {
            "Timestamp": "2021-01-18T11:55:23+00:00",
            "Maximum": 23.706521478808586,
            "Unit": "Percent"
        },
        {
            "Timestamp": "2021-01-18T11:59:13+00:00",
            "Maximum": 22.906604504123326,
            "Unit": "Percent"
        },
        {
            "Timestamp": "2021-01-18T11:56:23+00:00",
            "Maximum": 23.799525797721593,
            "Unit": "Percent"
        },
        {
            "Timestamp": "2021-01-18T11:57:23+00:00",
            "Maximum": 23.11536527146883,
            "Unit": "Percent"
        },
        {
            "Timestamp": "2021-01-18T12:00:13+00:00",
            "Maximum": 22.93175159464487,
            "Unit": "Percent"
        },
        {
            "Timestamp": "2021-01-18T11:56:13+00:00",
            "Maximum": 23.772382906365007,
            "Unit": "Percent"
        },
        {
            "Timestamp": "2021-01-18T11:53:23+00:00",
            "Maximum": 21.15149724978645,
            "Unit": "Percent"
        },
        {
            "Timestamp": "2021-01-18T12:05:43+00:00",
            "Maximum": 23.36364289534819,
            "Unit": "Percent"
        },
        {
            "Timestamp": "2021-01-18T11:54:23+00:00",
            "Maximum": 21.42172868285128,
            "Unit": "Percent"
        },
        {
            "Timestamp": "2021-01-18T11:57:13+00:00",
            "Maximum": 23.116961912136865,
            "Unit": "Percent"
        },
        {
            "Timestamp": "2021-01-18T12:06:43+00:00",
            "Maximum": 23.35925213351109,
            "Unit": "Percent"
        },
        {
            "Timestamp": "2021-01-18T11:58:13+00:00",
            "Maximum": 23.11217199013276,
            "Unit": "Percent"
        },
        {
            "Timestamp": "2021-01-18T11:54:13+00:00",
            "Maximum": 21.400972354166832,
            "Unit": "Percent"
        },
        {
            "Timestamp": "2021-01-18T12:00:23+00:00",
            "Maximum": 22.930554114143842,
            "Unit": "Percent"
        },
        {
            "Timestamp": "2021-01-18T12:06:33+00:00",
            "Maximum": 23.359651293678102,
            "Unit": "Percent"
        },
        {
            "Timestamp": "2021-01-18T11:55:13+00:00",
            "Maximum": 23.688958431460208,
            "Unit": "Percent"
        },
        {
            "Timestamp": "2021-01-18T12:01:23+00:00",
            "Maximum": 22.925764192139738,
            "Unit": "Percent"
        },
        {
            "Timestamp": "2021-01-18T12:03:33+00:00",
            "Maximum": 22.99082729936214,
            "Unit": "Percent"
        },
        {
            "Timestamp": "2021-01-18T11:52:13+00:00",
            "Maximum": 21.111980393252598,
            "Unit": "Percent"
        },
        {
            "Timestamp": "2021-01-18T11:58:23+00:00",
            "Maximum": 23.110974509631735,
            "Unit": "Percent"
        },
        {
            "Timestamp": "2021-01-18T12:04:33+00:00",
            "Maximum": 23.3688319775193,
            "Unit": "Percent"
        },
        {
            "Timestamp": "2021-01-18T11:53:13+00:00",
            "Maximum": 21.14830396845038,
            "Unit": "Percent"
        },
        {
            "Timestamp": "2021-01-18T11:59:23+00:00",
            "Maximum": 22.905806183789306,
            "Unit": "Percent"
        },
        {
            "Timestamp": "2021-01-18T12:05:33+00:00",
            "Maximum": 23.36364289534819,
            "Unit": "Percent"
        },
        {
            "Timestamp": "2021-01-18T12:01:33+00:00",
            "Maximum": 22.925365031972728,
            "Unit": "Percent"
        },
        {
            "Timestamp": "2021-01-18T11:55:53+00:00",
            "Maximum": 23.75761398018569,
            "Unit": "Percent"
        },
        {
            "Timestamp": "2021-01-18T12:05:23+00:00",
            "Maximum": 23.364441215682206,
            "Unit": "Percent"
        },
        {
            "Timestamp": "2021-01-18T11:59:43+00:00",
            "Maximum": 22.903810382954266,
            "Unit": "Percent"
        },
        {
            "Timestamp": "2021-01-18T11:54:03+00:00",
            "Maximum": 21.293997429408524,
            "Unit": "Percent"
        },
        {
            "Timestamp": "2021-01-18T12:05:13+00:00",
            "Maximum": 23.36563869618323,
            "Unit": "Percent"
        },
        {
            "Timestamp": "2021-01-18T11:53:53+00:00",
            "Maximum": 21.23492172469125,
            "Unit": "Percent"
        },
        {
            "Timestamp": "2021-01-18T11:59:33+00:00",
            "Maximum": 22.904608703288282,
            "Unit": "Percent"
        },
        {
            "Timestamp": "2021-01-18T12:03:23+00:00",
            "Maximum": 22.966877689341626,
            "Unit": "Percent"
        },
        {
            "Timestamp": "2021-01-18T11:52:03+00:00",
            "Maximum": 21.108787111916527,
            "Unit": "Percent"
        },
        {
            "Timestamp": "2021-01-18T11:57:43+00:00",
            "Maximum": 23.114167790967805,
            "Unit": "Percent"
        },
        {
            "Timestamp": "2021-01-18T12:03:13+00:00",
            "Maximum": 22.967276849508632,
            "Unit": "Percent"
        },
        {
            "Timestamp": "2021-01-18T11:57:33+00:00",
            "Maximum": 23.114966111301822,
            "Unit": "Percent"
        },
        {
            "Timestamp": "2021-01-18T11:58:03+00:00",
            "Maximum": 23.112571150299768,
            "Unit": "Percent"
        },
        {
            "Timestamp": "2021-01-18T12:03:43+00:00",
            "Maximum": 22.990428139195135,
            "Unit": "Percent"
        },
        {
            "Timestamp": "2021-01-18T11:52:23+00:00",
            "Maximum": 21.114375354254648,
            "Unit": "Percent"
        },
        {
            "Timestamp": "2021-01-18T12:06:53+00:00",
            "Maximum": 23.357655492843058,
            "Unit": "Percent"
        },
        {
            "Timestamp": "2021-01-18T11:55:33+00:00",
            "Maximum": 23.712508881313717,
            "Unit": "Percent"
        },
        {
            "Timestamp": "2021-01-18T12:01:13+00:00",
            "Maximum": 22.926562512473755,
            "Unit": "Percent"
        },
        {
            "Timestamp": "2021-01-18T12:01:43+00:00",
            "Maximum": 22.92456671163871,
            "Unit": "Percent"
        },
        {
            "Timestamp": "2021-01-18T11:56:03+00:00",
            "Maximum": 23.764000542857826,
            "Unit": "Percent"
        },
        {
            "Timestamp": "2021-01-18T11:52:33+00:00",
            "Maximum": 21.114375354254648,
            "Unit": "Percent"
        },
        {
            "Timestamp": "2021-01-18T12:04:53+00:00",
            "Maximum": 23.366836176684256,
            "Unit": "Percent"
        },
        {
            "Timestamp": "2021-01-18T12:02:03+00:00",
            "Maximum": 22.922570910803667,
            "Unit": "Percent"
        },
        {
            "Timestamp": "2021-01-18T11:53:33+00:00",
            "Maximum": 21.17664434030799,
            "Unit": "Percent"
        },
        {
            "Timestamp": "2021-01-18T12:03:03+00:00",
            "Maximum": 22.94292807932111,
            "Unit": "Percent"
        },
        {
            "Timestamp": "2021-01-18T12:05:53+00:00",
            "Maximum": 23.362445414847162,
            "Unit": "Percent"
        },
        {
            "Timestamp": "2021-01-18T11:59:03+00:00",
            "Maximum": 22.907003664290333,
            "Unit": "Percent"
        },
        {
            "Timestamp": "2021-01-18T12:01:53+00:00",
            "Maximum": 22.923369231137688,
            "Unit": "Percent"
        },
        {
            "Timestamp": "2021-01-18T12:02:53+00:00",
            "Maximum": 22.943327239488116,
            "Unit": "Percent"
        },
        {
            "Timestamp": "2021-01-18T12:00:03+00:00",
            "Maximum": 22.93175159464487,
            "Unit": "Percent"
        },
        {
            "Timestamp": "2021-01-18T12:01:03+00:00",
            "Maximum": 22.92736083280777,
            "Unit": "Percent"
        },
        {
            "Timestamp": "2021-01-18T12:03:53+00:00",
            "Maximum": 22.990028979028125,
            "Unit": "Percent"
        },
        {
            "Timestamp": "2021-01-18T11:59:53+00:00",
            "Maximum": 22.93095327431085,
            "Unit": "Percent"
        },
        {
            "Timestamp": "2021-01-18T12:06:03+00:00",
            "Maximum": 23.361647094513145,
            "Unit": "Percent"
        },
        {
            "Timestamp": "2021-01-18T11:54:43+00:00",
            "Maximum": 23.511332157141375,
            "Unit": "Percent"
        },
        {
            "Timestamp": "2021-01-18T12:00:53+00:00",
            "Maximum": 22.92775999297478,
            "Unit": "Percent"
        },
        {
            "Timestamp": "2021-01-18T11:55:43+00:00",
            "Maximum": 23.720891244820898,
            "Unit": "Percent"
        },
        {
            "Timestamp": "2021-01-18T11:57:53+00:00",
            "Maximum": 23.11297031046678,
            "Unit": "Percent"
        },
        {
            "Timestamp": "2021-01-18T12:04:03+00:00",
            "Maximum": 23.370827778354343,
            "Unit": "Percent"
        },
        {
            "Timestamp": "2021-01-18T11:52:43+00:00",
            "Maximum": 21.117568635590718,
            "Unit": "Percent"
        },
        {
            "Timestamp": "2021-01-18T11:58:53+00:00",
            "Maximum": 23.108579548629685,
            "Unit": "Percent"
        },
        {
            "Timestamp": "2021-01-18T12:05:03+00:00",
            "Maximum": 23.36643701651725,
            "Unit": "Percent"
        },
        {
            "Timestamp": "2021-01-18T11:53:43+00:00",
            "Maximum": 21.204186391831588,
            "Unit": "Percent"
        }
    ]
}
