{
    "Label": "mem_used_percent",
    "Datapoints": [
        {
            "Timestamp": "2021-01-18T12:29:45+00:00",
            "Maximum": 23.637466769916095,
            "Unit": "Percent"
        },
        {
            "Timestamp": "2021-01-18T12:35:25+00:00",
            "Maximum": 23.531689325658814,
            "Unit": "Percent"
        },
        {
            "Timestamp": "2021-01-18T12:24:05+00:00",
            "Maximum": 23.474210261609574,
            "Unit": "Percent"
        },
        {
            "Timestamp": "2021-01-18T12:33:35+00:00",
            "Maximum": 23.515323758811462,
            "Unit": "Percent"
        },
        {
            "Timestamp": "2021-01-18T12:22:15+00:00",
            "Maximum": 23.545659931504115,
            "Unit": "Percent"
        },
        {
            "Timestamp": "2021-01-18T12:27:55+00:00",
            "Maximum": 23.50055483263214,
            "Unit": "Percent"
        },
        {
            "Timestamp": "2021-01-18T12:33:25+00:00",
            "Maximum": 23.516920399479496,
            "Unit": "Percent"
        },
        {
            "Timestamp": "2021-01-18T12:22:05+00:00",
            "Maximum": 23.54725657217215,
            "Unit": "Percent"
        },
        {
            "Timestamp": "2021-01-18T12:27:45+00:00",
            "Maximum": 23.505344754636244,
            "Unit": "Percent"
        },
        {
            "Timestamp": "2021-01-18T12:31:35+00:00",
            "Maximum": 23.526101083320693,
            "Unit": "Percent"
        },
        {
            "Timestamp": "2021-01-18T12:25:55+00:00",
            "Maximum": 23.488979187788892,
            "Unit": "Percent"
        },
        {
            "Timestamp": "2021-01-18T12:31:25+00:00",
            "Maximum": 23.827866169579206,
            "Unit": "Percent"
        },
        {
            "Timestamp": "2021-01-18T12:25:45+00:00",
            "Maximum": 23.548454052673176,
            "Unit": "Percent"
        },
        {
            "Timestamp": "2021-01-18T12:31:55+00:00",
            "Maximum": 23.554441455178306,
            "Unit": "Percent"
        },
        {
            "Timestamp": "2021-01-18T12:26:15+00:00",
            "Maximum": 23.488580027621882,
            "Unit": "Percent"
        },
        {
            "Timestamp": "2021-01-18T12:35:05+00:00",
            "Maximum": 23.53248764599283,
            "Unit": "Percent"
        },
        {
            "Timestamp": "2021-01-18T12:29:25+00:00",
            "Maximum": 23.626290285239854,
            "Unit": "Percent"
        },
        {
            "Timestamp": "2021-01-18T12:23:45+00:00",
            "Maximum": 23.475806902277608,
            "Unit": "Percent"
        },
        {
            "Timestamp": "2021-01-18T12:35:35+00:00",
            "Maximum": 23.530491845157787,
            "Unit": "Percent"
        },
        {
            "Timestamp": "2021-01-18T12:29:55+00:00",
            "Maximum": 23.637466769916095,
            "Unit": "Percent"
        },
        {
            "Timestamp": "2021-01-18T12:24:15+00:00",
            "Maximum": 23.480995984448718,
            "Unit": "Percent"
        },
        {
            "Timestamp": "2021-01-18T12:23:35+00:00",
            "Maximum": 23.61072303872652,
            "Unit": "Percent"
        },
        {
            "Timestamp": "2021-01-18T12:35:55+00:00",
            "Maximum": 23.528895204489753,
            "Unit": "Percent"
        },
        {
            "Timestamp": "2021-01-18T12:24:35+00:00",
            "Maximum": 23.471016980273504,
            "Unit": "Percent"
        },
        {
            "Timestamp": "2021-01-18T12:27:25+00:00",
            "Maximum": 23.51292879780941,
            "Unit": "Percent"
        },
        {
            "Timestamp": "2021-01-18T12:36:55+00:00",
            "Maximum": 23.523706122318643,
            "Unit": "Percent"
        },
        {
            "Timestamp": "2021-01-18T12:28:25+00:00",
            "Maximum": 23.49776071146308,
            "Unit": "Percent"
        },
        {
            "Timestamp": "2021-01-18T12:25:35+00:00",
            "Maximum": 23.491374148790943,
            "Unit": "Percent"
        },
        {
            "Timestamp": "2021-01-18T12:24:25+00:00",
            "Maximum": 23.471416140440514,
            "Unit": "Percent"
        },
        {
            "Timestamp": "2021-01-18T12:33:55+00:00",
            "Maximum": 23.514525438477442,
            "Unit": "Percent"
        },
        {
            "Timestamp": "2021-01-18T12:36:45+00:00",
            "Maximum": 23.52450444265266,
            "Unit": "Percent"
        },
        {
            "Timestamp": "2021-01-18T12:22:35+00:00",
            "Maximum": 23.545260771337105,
            "Unit": "Percent"
        },
        {
            "Timestamp": "2021-01-18T12:25:25+00:00",
            "Maximum": 23.491374148790943,
            "Unit": "Percent"
        },
        {
            "Timestamp": "2021-01-18T12:34:55+00:00",
            "Maximum": 23.534084286660864,
            "Unit": "Percent"
        },
        {
            "Timestamp": "2021-01-18T12:26:25+00:00",
            "Maximum": 23.48658422678684,
            "Unit": "Percent"
        },
        {
            "Timestamp": "2021-01-18T12:22:25+00:00",
            "Maximum": 23.545659931504115,
            "Unit": "Percent"
        },
        {
            "Timestamp": "2021-01-18T12:28:35+00:00",
            "Maximum": 23.631080207243958,
            "Unit": "Percent"
        },
        {
            "Timestamp": "2021-01-18T12:34:45+00:00",
            "Maximum": 23.542466650168045,
            "Unit": "Percent"
        },
        {
            "Timestamp": "2021-01-18T12:23:25+00:00",
            "Maximum": 23.736059331167223,
            "Unit": "Percent"
        },
        {
            "Timestamp": "2021-01-18T12:29:35+00:00",
            "Maximum": 23.632676847911995,
            "Unit": "Percent"
        },
        {
            "Timestamp": "2021-01-18T12:35:45+00:00",
            "Maximum": 23.52969352482377,
            "Unit": "Percent"
        },
        {
            "Timestamp": "2021-01-18T12:31:45+00:00",
            "Maximum": 23.526101083320693,
            "Unit": "Percent"
        },
        {
            "Timestamp": "2021-01-18T12:26:35+00:00",
            "Maximum": 23.485386746285815,
            "Unit": "Percent"
        },
        {
            "Timestamp": "2021-01-18T12:32:45+00:00",
            "Maximum": 23.519714520648556,
            "Unit": "Percent"
        },
        {
            "Timestamp": "2021-01-18T12:27:35+00:00",
            "Maximum": 23.478201863279658,
            "Unit": "Percent"
        },
        {
            "Timestamp": "2021-01-18T12:33:45+00:00",
            "Maximum": 23.518117879980522,
            "Unit": "Percent"
        },
        {
            "Timestamp": "2021-01-18T12:32:35+00:00",
            "Maximum": 23.553643134844286,
            "Unit": "Percent"
        },
        {
            "Timestamp": "2021-01-18T12:26:55+00:00",
            "Maximum": 23.483390945450772,
            "Unit": "Percent"
        },
        {
            "Timestamp": "2021-01-18T12:30:45+00:00",
            "Maximum": 23.490974988623936,
            "Unit": "Percent"
        },
        {
            "Timestamp": "2021-01-18T12:36:25+00:00",
            "Maximum": 23.559630537349417,
            "Unit": "Percent"
        },
        {
            "Timestamp": "2021-01-18T12:25:05+00:00",
            "Maximum": 23.468622019271454,
            "Unit": "Percent"
        },
        {
            "Timestamp": "2021-01-18T12:36:15+00:00",
            "Maximum": 23.52689940365471,
            "Unit": "Percent"
        },
        {
            "Timestamp": "2021-01-18T12:30:35+00:00",
            "Maximum": 23.49257162929197,
            "Unit": "Percent"
        },
        {
            "Timestamp": "2021-01-18T12:24:55+00:00",
            "Maximum": 23.46942033960547,
            "Unit": "Percent"
        },
        {
            "Timestamp": "2021-01-18T12:34:25+00:00",
            "Maximum": 23.511332157141375,
            "Unit": "Percent"
        },
        {
            "Timestamp": "2021-01-18T12:28:45+00:00",
            "Maximum": 23.600344874384295,
            "Unit": "Percent"
        },
        {
            "Timestamp": "2021-01-18T12:23:05+00:00",
            "Maximum": 23.567613740689588,
            "Unit": "Percent"
        },
        {
            "Timestamp": "2021-01-18T12:25:15+00:00",
            "Maximum": 23.467424538770427,
            "Unit": "Percent"
        },
        {
            "Timestamp": "2021-01-18T12:32:25+00:00",
            "Maximum": 23.5217103214836,
            "Unit": "Percent"
        },
        {
            "Timestamp": "2021-01-18T12:26:45+00:00",
            "Maximum": 23.48379010561778,
            "Unit": "Percent"
        },
        {
            "Timestamp": "2021-01-18T12:27:15+00:00",
            "Maximum": 23.51292879780941,
            "Unit": "Percent"
        },
        {
            "Timestamp": "2021-01-18T12:32:55+00:00",
            "Maximum": 23.51891620031454,
            "Unit": "Percent"
        },
        {
            "Timestamp": "2021-01-18T12:28:55+00:00",
            "Maximum": 23.498958191964107,
            "Unit": "Percent"
        },
        {
            "Timestamp": "2021-01-18T12:34:35+00:00",
            "Maximum": 23.50973551647334,
            "Unit": "Percent"
        },
        {
            "Timestamp": "2021-01-18T12:23:15+00:00",
            "Maximum": 23.59635327271421,
            "Unit": "Percent"
        },
        {
            "Timestamp": "2021-01-18T12:36:05+00:00",
            "Maximum": 23.52729856382172,
            "Unit": "Percent"
        },
        {
            "Timestamp": "2021-01-18T12:24:45+00:00",
            "Maximum": 23.469819499772477,
            "Unit": "Percent"
        },
        {
            "Timestamp": "2021-01-18T12:30:25+00:00",
            "Maximum": 23.488979187788892,
            "Unit": "Percent"
        },
        {
            "Timestamp": "2021-01-18T12:30:55+00:00",
            "Maximum": 23.499756512298124,
            "Unit": "Percent"
        },
        {
            "Timestamp": "2021-01-18T12:36:35+00:00",
            "Maximum": 23.525701923153683,
            "Unit": "Percent"
        },
        {
            "Timestamp": "2021-01-18T12:33:05+00:00",
            "Maximum": 23.65103821559439,
            "Unit": "Percent"
        },
        {
            "Timestamp": "2021-01-18T12:30:15+00:00",
            "Maximum": 23.695344994132345,
            "Unit": "Percent"
        },
        {
            "Timestamp": "2021-01-18T12:31:15+00:00",
            "Maximum": 23.522508641817616,
            "Unit": "Percent"
        },
        {
            "Timestamp": "2021-01-18T12:34:05+00:00",
            "Maximum": 23.51213047747539,
            "Unit": "Percent"
        },
        {
            "Timestamp": "2021-01-18T12:22:45+00:00",
            "Maximum": 23.543264970502065,
            "Unit": "Percent"
        },
        {
            "Timestamp": "2021-01-18T12:28:15+00:00",
            "Maximum": 23.611521359060536,
            "Unit": "Percent"
        },
        {
            "Timestamp": "2021-01-18T12:31:05+00:00",
            "Maximum": 23.523706122318643,
            "Unit": "Percent"
        },
        {
            "Timestamp": "2021-01-18T12:32:05+00:00",
            "Maximum": 23.52410528248565,
            "Unit": "Percent"
        },
        {
            "Timestamp": "2021-01-18T12:29:15+00:00",
            "Maximum": 23.62748776574088,
            "Unit": "Percent"
        },
        {
            "Timestamp": "2021-01-18T12:28:05+00:00",
            "Maximum": 23.6051347963884,
            "Unit": "Percent"
        },
        {
            "Timestamp": "2021-01-18T12:34:15+00:00",
            "Maximum": 23.5448616111701,
            "Unit": "Percent"
        },
        {
            "Timestamp": "2021-01-18T12:22:55+00:00",
            "Maximum": 23.568012900856598,
            "Unit": "Percent"
        },
        {
            "Timestamp": "2021-01-18T12:29:05+00:00",
            "Maximum": 23.59874823371626,
            "Unit": "Percent"
        },
        {
            "Timestamp": "2021-01-18T12:35:15+00:00",
            "Maximum": 23.67099622394482,
            "Unit": "Percent"
        },
        {
            "Timestamp": "2021-01-18T12:23:55+00:00",
            "Maximum": 23.641458371586182,
            "Unit": "Percent"
        },
        {
            "Timestamp": "2021-01-18T12:30:05+00:00",
            "Maximum": 23.607130597223442,
            "Unit": "Percent"
        },
        {
            "Timestamp": "2021-01-18T12:26:05+00:00",
            "Maximum": 23.51851704014753,
            "Unit": "Percent"
        },
        {
            "Timestamp": "2021-01-18T12:32:15+00:00",
            "Maximum": 23.522109481650606,
            "Unit": "Percent"
        },
        {
            "Timestamp": "2021-01-18T12:27:05+00:00",
            "Maximum": 23.482592625116755,
            "Unit": "Percent"
        },
        {
            "Timestamp": "2021-01-18T12:33:15+00:00",
            "Maximum": 23.516920399479496,
            "Unit": "Percent"
        }
    ]
}
