{
    "Label": "mem_used_percent",
    "Datapoints": [
        {
            "Timestamp": "2021-01-18T12:21:34+00:00",
            "Maximum": 23.384798384199645,
            "Unit": "Percent"
        },
        {
            "Timestamp": "2021-01-18T12:10:14+00:00",
            "Maximum": 23.35406305133998,
            "Unit": "Percent"
        },
        {
            "Timestamp": "2021-01-18T12:15:54+00:00",
            "Maximum": 23.28500834244749,
            "Unit": "Percent"
        },
        {
            "Timestamp": "2021-01-18T12:19:44+00:00",
            "Maximum": 23.343285726830747,
            "Unit": "Percent"
        },
        {
            "Timestamp": "2021-01-18T12:08:24+00:00",
            "Maximum": 23.421920279731445,
            "Unit": "Percent"
        },
        {
            "Timestamp": "2021-01-18T12:14:04+00:00",
            "Maximum": 23.209567070882862,
            "Unit": "Percent"
        },
        {
            "Timestamp": "2021-01-18T12:17:54+00:00",
            "Maximum": 23.352067250504938,
            "Unit": "Percent"
        },
        {
            "Timestamp": "2021-01-18T12:12:14+00:00",
            "Maximum": 23.344483207331773,
            "Unit": "Percent"
        },
        {
            "Timestamp": "2021-01-18T12:21:44+00:00",
            "Maximum": 23.384000063865628,
            "Unit": "Percent"
        },
        {
            "Timestamp": "2021-01-18T12:16:04+00:00",
            "Maximum": 23.283411701779457,
            "Unit": "Percent"
        },
        {
            "Timestamp": "2021-01-18T12:10:24+00:00",
            "Maximum": 23.352466410671948,
            "Unit": "Percent"
        },
        {
            "Timestamp": "2021-01-18T12:08:04+00:00",
            "Maximum": 23.424714400900505,
            "Unit": "Percent"
        },
        {
            "Timestamp": "2021-01-18T12:19:54+00:00",
            "Maximum": 23.367235336851266,
            "Unit": "Percent"
        },
        {
            "Timestamp": "2021-01-18T12:14:14+00:00",
            "Maximum": 23.208369590381835,
            "Unit": "Percent"
        },
        {
            "Timestamp": "2021-01-18T12:08:34+00:00",
            "Maximum": 23.421521119564435,
            "Unit": "Percent"
        },
        {
            "Timestamp": "2021-01-18T12:21:24+00:00",
            "Maximum": 23.38519754436665,
            "Unit": "Percent"
        },
        {
            "Timestamp": "2021-01-18T12:10:04+00:00",
            "Maximum": 23.355260531841008,
            "Unit": "Percent"
        },
        {
            "Timestamp": "2021-01-18T12:15:44+00:00",
            "Maximum": 23.2343150012374,
            "Unit": "Percent"
        },
        {
            "Timestamp": "2021-01-18T12:21:54+00:00",
            "Maximum": 23.3828025833646,
            "Unit": "Percent"
        },
        {
            "Timestamp": "2021-01-18T12:16:14+00:00",
            "Maximum": 23.28221422127843,
            "Unit": "Percent"
        },
        {
            "Timestamp": "2021-01-18T12:10:34+00:00",
            "Maximum": 23.352067250504938,
            "Unit": "Percent"
        },
        {
            "Timestamp": "2021-01-18T12:12:04+00:00",
            "Maximum": 23.344483207331773,
            "Unit": "Percent"
        },
        {
            "Timestamp": "2021-01-18T12:17:44+00:00",
            "Maximum": 23.352466410671948,
            "Unit": "Percent"
        },
        {
            "Timestamp": "2021-01-18T12:18:14+00:00",
            "Maximum": 23.350470609836904,
            "Unit": "Percent"
        },
        {
            "Timestamp": "2021-01-18T12:09:44+00:00",
            "Maximum": 23.415932877226314,
            "Unit": "Percent"
        },
        {
            "Timestamp": "2021-01-18T12:19:14+00:00",
            "Maximum": 23.34528152766579,
            "Unit": "Percent"
        },
        {
            "Timestamp": "2021-01-18T12:10:44+00:00",
            "Maximum": 23.351668090337927,
            "Unit": "Percent"
        },
        {
            "Timestamp": "2021-01-18T12:07:54+00:00",
            "Maximum": 23.424714400900505,
            "Unit": "Percent"
        },
        {
            "Timestamp": "2021-01-18T12:20:14+00:00",
            "Maximum": 23.36563869618323,
            "Unit": "Percent"
        },
        {
            "Timestamp": "2021-01-18T12:11:44+00:00",
            "Maximum": 23.346479008166817,
            "Unit": "Percent"
        },
        {
            "Timestamp": "2021-01-18T12:08:54+00:00",
            "Maximum": 23.419126158562385,
            "Unit": "Percent"
        },
        {
            "Timestamp": "2021-01-18T12:21:14+00:00",
            "Maximum": 23.386395024867678,
            "Unit": "Percent"
        },
        {
            "Timestamp": "2021-01-18T12:09:54+00:00",
            "Maximum": 23.41473539672529,
            "Unit": "Percent"
        },
        {
            "Timestamp": "2021-01-18T12:12:44+00:00",
            "Maximum": 23.191205703200467,
            "Unit": "Percent"
        },
        {
            "Timestamp": "2021-01-18T12:10:54+00:00",
            "Maximum": 23.350071449669894,
            "Unit": "Percent"
        },
        {
            "Timestamp": "2021-01-18T12:13:44+00:00",
            "Maximum": 23.21076455138389,
            "Unit": "Percent"
        },
        {
            "Timestamp": "2021-01-18T12:17:04+00:00",
            "Maximum": 23.89572339797067,
            "Unit": "Percent"
        },
        {
            "Timestamp": "2021-01-18T12:11:54+00:00",
            "Maximum": 23.3456806878328,
            "Unit": "Percent"
        },
        {
            "Timestamp": "2021-01-18T12:18:04+00:00",
            "Maximum": 23.351668090337927,
            "Unit": "Percent"
        },
        {
            "Timestamp": "2021-01-18T12:12:54+00:00",
            "Maximum": 23.189609062532433,
            "Unit": "Percent"
        },
        {
            "Timestamp": "2021-01-18T12:19:04+00:00",
            "Maximum": 23.349273129335877,
            "Unit": "Percent"
        },
        {
            "Timestamp": "2021-01-18T12:07:44+00:00",
            "Maximum": 23.48418926578479,
            "Unit": "Percent"
        },
        {
            "Timestamp": "2021-01-18T12:13:54+00:00",
            "Maximum": 23.21036539121688,
            "Unit": "Percent"
        },
        {
            "Timestamp": "2021-01-18T12:20:04+00:00",
            "Maximum": 23.36603785635024,
            "Unit": "Percent"
        },
        {
            "Timestamp": "2021-01-18T12:08:44+00:00",
            "Maximum": 23.421521119564435,
            "Unit": "Percent"
        },
        {
            "Timestamp": "2021-01-18T12:14:54+00:00",
            "Maximum": 23.205575469212775,
            "Unit": "Percent"
        },
        {
            "Timestamp": "2021-01-18T12:21:04+00:00",
            "Maximum": 23.386794185034688,
            "Unit": "Percent"
        },
        {
            "Timestamp": "2021-01-18T12:18:44+00:00",
            "Maximum": 23.34807564883485,
            "Unit": "Percent"
        },
        {
            "Timestamp": "2021-01-18T12:13:04+00:00",
            "Maximum": 23.189209902365423,
            "Unit": "Percent"
        },
        {
            "Timestamp": "2021-01-18T12:07:24+00:00",
            "Maximum": 23.401563111214006,
            "Unit": "Percent"
        },
        {
            "Timestamp": "2021-01-18T12:16:54+00:00",
            "Maximum": 23.27942010010937,
            "Unit": "Percent"
        },
        {
            "Timestamp": "2021-01-18T12:11:14+00:00",
            "Maximum": 23.348873969168867,
            "Unit": "Percent"
        },
        {
            "Timestamp": "2021-01-18T12:15:04+00:00",
            "Maximum": 23.204777148878758,
            "Unit": "Percent"
        },
        {
            "Timestamp": "2021-01-18T12:20:44+00:00",
            "Maximum": 23.396773189209902,
            "Unit": "Percent"
        },
        {
            "Timestamp": "2021-01-18T12:09:24+00:00",
            "Maximum": 23.416731197560335,
            "Unit": "Percent"
        },
        {
            "Timestamp": "2021-01-18T12:13:14+00:00",
            "Maximum": 23.21315951238594,
            "Unit": "Percent"
        },
        {
            "Timestamp": "2021-01-18T12:18:54+00:00",
            "Maximum": 23.349672289502887,
            "Unit": "Percent"
        },
        {
            "Timestamp": "2021-01-18T12:07:34+00:00",
            "Maximum": 23.401563111214006,
            "Unit": "Percent"
        },
        {
            "Timestamp": "2021-01-18T12:20:24+00:00",
            "Maximum": 23.364441215682206,
            "Unit": "Percent"
        },
        {
            "Timestamp": "2021-01-18T12:14:44+00:00",
            "Maximum": 23.206373789546795,
            "Unit": "Percent"
        },
        {
            "Timestamp": "2021-01-18T12:09:04+00:00",
            "Maximum": 23.418726998395375,
            "Unit": "Percent"
        },
        {
            "Timestamp": "2021-01-18T12:20:54+00:00",
            "Maximum": 23.387193345201695,
            "Unit": "Percent"
        },
        {
            "Timestamp": "2021-01-18T12:09:34+00:00",
            "Maximum": 23.416332037393325,
            "Unit": "Percent"
        },
        {
            "Timestamp": "2021-01-18T12:15:14+00:00",
            "Maximum": 23.203180508210725,
            "Unit": "Percent"
        },
        {
            "Timestamp": "2021-01-18T12:16:44+00:00",
            "Maximum": 23.27981926027638,
            "Unit": "Percent"
        },
        {
            "Timestamp": "2021-01-18T12:11:04+00:00",
            "Maximum": 23.349672289502887,
            "Unit": "Percent"
        },
        {
            "Timestamp": "2021-01-18T12:17:14+00:00",
            "Maximum": 23.485386746285815,
            "Unit": "Percent"
        },
        {
            "Timestamp": "2021-01-18T12:11:34+00:00",
            "Maximum": 23.347277328500834,
            "Unit": "Percent"
        },
        {
            "Timestamp": "2021-01-18T12:12:34+00:00",
            "Maximum": 23.191604863367473,
            "Unit": "Percent"
        },
        {
            "Timestamp": "2021-01-18T12:15:24+00:00",
            "Maximum": 23.202781348043715,
            "Unit": "Percent"
        },
        {
            "Timestamp": "2021-01-18T12:13:34+00:00",
            "Maximum": 23.212361192051922,
            "Unit": "Percent"
        },
        {
            "Timestamp": "2021-01-18T12:16:24+00:00",
            "Maximum": 23.281415900944413,
            "Unit": "Percent"
        },
        {
            "Timestamp": "2021-01-18T12:14:34+00:00",
            "Maximum": 23.20757127004782,
            "Unit": "Percent"
        },
        {
            "Timestamp": "2021-01-18T12:17:24+00:00",
            "Maximum": 23.484987586118805,
            "Unit": "Percent"
        },
        {
            "Timestamp": "2021-01-18T12:15:34+00:00",
            "Maximum": 23.201983027709698,
            "Unit": "Percent"
        },
        {
            "Timestamp": "2021-01-18T12:18:24+00:00",
            "Maximum": 23.348873969168867,
            "Unit": "Percent"
        },
        {
            "Timestamp": "2021-01-18T12:07:04+00:00",
            "Maximum": 23.40355891204905,
            "Unit": "Percent"
        },
        {
            "Timestamp": "2021-01-18T12:19:24+00:00",
            "Maximum": 23.344483207331773,
            "Unit": "Percent"
        },
        {
            "Timestamp": "2021-01-18T12:16:34+00:00",
            "Maximum": 23.281016740777403,
            "Unit": "Percent"
        },
        {
            "Timestamp": "2021-01-18T12:11:24+00:00",
            "Maximum": 23.347676488667844,
            "Unit": "Percent"
        },
        {
            "Timestamp": "2021-01-18T12:17:34+00:00",
            "Maximum": 23.4845884259518,
            "Unit": "Percent"
        },
        {
            "Timestamp": "2021-01-18T12:12:24+00:00",
            "Maximum": 23.343285726830747,
            "Unit": "Percent"
        },
        {
            "Timestamp": "2021-01-18T12:18:34+00:00",
            "Maximum": 23.34847480900186,
            "Unit": "Percent"
        },
        {
            "Timestamp": "2021-01-18T12:07:14+00:00",
            "Maximum": 23.402760591715033,
            "Unit": "Percent"
        },
        {
            "Timestamp": "2021-01-18T12:13:24+00:00",
            "Maximum": 23.212760352218933,
            "Unit": "Percent"
        },
        {
            "Timestamp": "2021-01-18T12:19:34+00:00",
            "Maximum": 23.343684886997757,
            "Unit": "Percent"
        },
        {
            "Timestamp": "2021-01-18T12:08:14+00:00",
            "Maximum": 23.42391608056649,
            "Unit": "Percent"
        },
        {
            "Timestamp": "2021-01-18T12:14:24+00:00",
            "Maximum": 23.237907442740475,
            "Unit": "Percent"
        },
        {
            "Timestamp": "2021-01-18T12:20:34+00:00",
            "Maximum": 23.364042055515196,
            "Unit": "Percent"
        },
        {
            "Timestamp": "2021-01-18T12:09:14+00:00",
            "Maximum": 23.417928678061358,
            "Unit": "Percent"
        }
    ]
}
