{
    "Label": "mem_used_percent",
    "Datapoints": [
        {
            "Timestamp": "2021-01-18T12:30:53+00:00",
            "Maximum": 23.390386626537765,
            "Unit": "Percent"
        },
        {
            "Timestamp": "2021-01-18T12:36:33+00:00",
            "Maximum": 23.36643701651725,
            "Unit": "Percent"
        },
        {
            "Timestamp": "2021-01-18T12:25:13+00:00",
            "Maximum": 23.346479008166817,
            "Unit": "Percent"
        },
        {
            "Timestamp": "2021-01-18T12:29:03+00:00",
            "Maximum": 23.35406305133998,
            "Unit": "Percent"
        },
        {
            "Timestamp": "2021-01-18T12:34:43+00:00",
            "Maximum": 23.37402105969041,
            "Unit": "Percent"
        },
        {
            "Timestamp": "2021-01-18T12:23:23+00:00",
            "Maximum": 23.4893783479559,
            "Unit": "Percent"
        },
        {
            "Timestamp": "2021-01-18T12:34:33+00:00",
            "Maximum": 23.375218540191437,
            "Unit": "Percent"
        },
        {
            "Timestamp": "2021-01-18T12:28:53+00:00",
            "Maximum": 23.354861371673998,
            "Unit": "Percent"
        },
        {
            "Timestamp": "2021-01-18T12:23:13+00:00",
            "Maximum": 23.49017666828992,
            "Unit": "Percent"
        },
        {
            "Timestamp": "2021-01-18T12:27:03+00:00",
            "Maximum": 23.338495804826646,
            "Unit": "Percent"
        },
        {
            "Timestamp": "2021-01-18T12:32:43+00:00",
            "Maximum": 23.41713035772734,
            "Unit": "Percent"
        },
        {
            "Timestamp": "2021-01-18T12:32:33+00:00",
            "Maximum": 23.39797066971093,
            "Unit": "Percent"
        },
        {
            "Timestamp": "2021-01-18T12:26:53+00:00",
            "Maximum": 23.338894964993653,
            "Unit": "Percent"
        },
        {
            "Timestamp": "2021-01-18T12:33:03+00:00",
            "Maximum": 23.38240342319759,
            "Unit": "Percent"
        },
        {
            "Timestamp": "2021-01-18T12:27:23+00:00",
            "Maximum": 23.336500003991603,
            "Unit": "Percent"
        },
        {
            "Timestamp": "2021-01-18T12:36:13+00:00",
            "Maximum": 23.367235336851266,
            "Unit": "Percent"
        },
        {
            "Timestamp": "2021-01-18T12:30:33+00:00",
            "Maximum": 23.416731197560335,
            "Unit": "Percent"
        },
        {
            "Timestamp": "2021-01-18T12:24:53+00:00",
            "Maximum": 23.48299178528376,
            "Unit": "Percent"
        },
        {
            "Timestamp": "2021-01-18T12:36:43+00:00",
            "Maximum": 23.364840375849212,
            "Unit": "Percent"
        },
        {
            "Timestamp": "2021-01-18T12:31:03+00:00",
            "Maximum": 23.413937076391274,
            "Unit": "Percent"
        },
        {
            "Timestamp": "2021-01-18T12:25:23+00:00",
            "Maximum": 23.3456806878328,
            "Unit": "Percent"
        },
        {
            "Timestamp": "2021-01-18T12:31:23+00:00",
            "Maximum": 23.437088366077774,
            "Unit": "Percent"
        },
        {
            "Timestamp": "2021-01-18T12:34:13+00:00",
            "Maximum": 23.376016860525453,
            "Unit": "Percent"
        },
        {
            "Timestamp": "2021-01-18T12:22:53+00:00",
            "Maximum": 23.467424538770427,
            "Unit": "Percent"
        },
        {
            "Timestamp": "2021-01-18T12:32:23+00:00",
            "Maximum": 23.449462331255038,
            "Unit": "Percent"
        },
        {
            "Timestamp": "2021-01-18T12:35:13+00:00",
            "Maximum": 23.37162609868836,
            "Unit": "Percent"
        },
        {
            "Timestamp": "2021-01-18T12:23:53+00:00",
            "Maximum": 23.48738254712086,
            "Unit": "Percent"
        },
        {
            "Timestamp": "2021-01-18T12:29:23+00:00",
            "Maximum": 23.352865570838954,
            "Unit": "Percent"
        },
        {
            "Timestamp": "2021-01-18T12:32:13+00:00",
            "Maximum": 23.407151353552127,
            "Unit": "Percent"
        },
        {
            "Timestamp": "2021-01-18T12:33:13+00:00",
            "Maximum": 23.381205942696567,
            "Unit": "Percent"
        },
        {
            "Timestamp": "2021-01-18T12:30:23+00:00",
            "Maximum": 23.442676608415894,
            "Unit": "Percent"
        },
        {
            "Timestamp": "2021-01-18T12:29:13+00:00",
            "Maximum": 23.353264731005964,
            "Unit": "Percent"
        },
        {
            "Timestamp": "2021-01-18T12:35:23+00:00",
            "Maximum": 23.370827778354343,
            "Unit": "Percent"
        },
        {
            "Timestamp": "2021-01-18T12:24:03+00:00",
            "Maximum": 23.48698338695385,
            "Unit": "Percent"
        },
        {
            "Timestamp": "2021-01-18T12:30:13+00:00",
            "Maximum": 23.418327838228368,
            "Unit": "Percent"
        },
        {
            "Timestamp": "2021-01-18T12:36:23+00:00",
            "Maximum": 23.366836176684256,
            "Unit": "Percent"
        },
        {
            "Timestamp": "2021-01-18T12:25:03+00:00",
            "Maximum": 23.347676488667844,
            "Unit": "Percent"
        },
        {
            "Timestamp": "2021-01-18T12:31:13+00:00",
            "Maximum": 23.412739595890248,
            "Unit": "Percent"
        },
        {
            "Timestamp": "2021-01-18T12:27:13+00:00",
            "Maximum": 23.33729832432562,
            "Unit": "Percent"
        },
        {
            "Timestamp": "2021-01-18T12:33:23+00:00",
            "Maximum": 23.380806782529557,
            "Unit": "Percent"
        },
        {
            "Timestamp": "2021-01-18T12:22:03+00:00",
            "Maximum": 23.47181530060752,
            "Unit": "Percent"
        },
        {
            "Timestamp": "2021-01-18T12:28:13+00:00",
            "Maximum": 23.357256332676048,
            "Unit": "Percent"
        },
        {
            "Timestamp": "2021-01-18T12:34:23+00:00",
            "Maximum": 23.376016860525453,
            "Unit": "Percent"
        },
        {
            "Timestamp": "2021-01-18T12:23:03+00:00",
            "Maximum": 23.491374148790943,
            "Unit": "Percent"
        },
        {
            "Timestamp": "2021-01-18T12:33:43+00:00",
            "Maximum": 23.378411821527507,
            "Unit": "Percent"
        },
        {
            "Timestamp": "2021-01-18T12:28:03+00:00",
            "Maximum": 23.33410504298955,
            "Unit": "Percent"
        },
        {
            "Timestamp": "2021-01-18T12:22:23+00:00",
            "Maximum": 23.469819499772477,
            "Unit": "Percent"
        },
        {
            "Timestamp": "2021-01-18T12:31:53+00:00",
            "Maximum": 23.40914715438717,
            "Unit": "Percent"
        },
        {
            "Timestamp": "2021-01-18T12:26:13+00:00",
            "Maximum": 23.341689086162713,
            "Unit": "Percent"
        },
        {
            "Timestamp": "2021-01-18T12:35:43+00:00",
            "Maximum": 23.36923113768631,
            "Unit": "Percent"
        },
        {
            "Timestamp": "2021-01-18T12:31:43+00:00",
            "Maximum": 23.43469340507572,
            "Unit": "Percent"
        },
        {
            "Timestamp": "2021-01-18T12:26:03+00:00",
            "Maximum": 23.343285726830747,
            "Unit": "Percent"
        },
        {
            "Timestamp": "2021-01-18T12:35:33+00:00",
            "Maximum": 23.370827778354343,
            "Unit": "Percent"
        },
        {
            "Timestamp": "2021-01-18T12:29:53+00:00",
            "Maximum": 23.395575708708876,
            "Unit": "Percent"
        },
        {
            "Timestamp": "2021-01-18T12:24:13+00:00",
            "Maximum": 23.485785906452822,
            "Unit": "Percent"
        },
        {
            "Timestamp": "2021-01-18T12:26:23+00:00",
            "Maximum": 23.341289925995707,
            "Unit": "Percent"
        },
        {
            "Timestamp": "2021-01-18T12:33:33+00:00",
            "Maximum": 23.38000846219554,
            "Unit": "Percent"
        },
        {
            "Timestamp": "2021-01-18T12:27:53+00:00",
            "Maximum": 23.33450420315656,
            "Unit": "Percent"
        },
        {
            "Timestamp": "2021-01-18T12:22:13+00:00",
            "Maximum": 23.470617820106497,
            "Unit": "Percent"
        },
        {
            "Timestamp": "2021-01-18T12:28:23+00:00",
            "Maximum": 23.35685717250904,
            "Unit": "Percent"
        },
        {
            "Timestamp": "2021-01-18T12:34:03+00:00",
            "Maximum": 23.37761350119349,
            "Unit": "Percent"
        },
        {
            "Timestamp": "2021-01-18T12:30:03+00:00",
            "Maximum": 23.394378228207852,
            "Unit": "Percent"
        },
        {
            "Timestamp": "2021-01-18T12:24:23+00:00",
            "Maximum": 23.484987586118805,
            "Unit": "Percent"
        },
        {
            "Timestamp": "2021-01-18T12:31:33+00:00",
            "Maximum": 23.41154211538922,
            "Unit": "Percent"
        },
        {
            "Timestamp": "2021-01-18T12:25:53+00:00",
            "Maximum": 23.343684886997757,
            "Unit": "Percent"
        },
        {
            "Timestamp": "2021-01-18T12:32:03+00:00",
            "Maximum": 23.40874799422016,
            "Unit": "Percent"
        },
        {
            "Timestamp": "2021-01-18T12:25:43+00:00",
            "Maximum": 23.344084047164767,
            "Unit": "Percent"
        },
        {
            "Timestamp": "2021-01-18T12:28:33+00:00",
            "Maximum": 23.35645801234203,
            "Unit": "Percent"
        },
        {
            "Timestamp": "2021-01-18T12:29:33+00:00",
            "Maximum": 23.410344634888194,
            "Unit": "Percent"
        },
        {
            "Timestamp": "2021-01-18T12:26:43+00:00",
            "Maximum": 23.339294125160663,
            "Unit": "Percent"
        },
        {
            "Timestamp": "2021-01-18T12:22:43+00:00",
            "Maximum": 23.467823698937437,
            "Unit": "Percent"
        },
        {
            "Timestamp": "2021-01-18T12:25:33+00:00",
            "Maximum": 23.34528152766579,
            "Unit": "Percent"
        },
        {
            "Timestamp": "2021-01-18T12:35:03+00:00",
            "Maximum": 23.372823579189387,
            "Unit": "Percent"
        },
        {
            "Timestamp": "2021-01-18T12:26:33+00:00",
            "Maximum": 23.340491605661686,
            "Unit": "Percent"
        },
        {
            "Timestamp": "2021-01-18T12:23:43+00:00",
            "Maximum": 23.488180867454876,
            "Unit": "Percent"
        },
        {
            "Timestamp": "2021-01-18T12:36:03+00:00",
            "Maximum": 23.36843281735229,
            "Unit": "Percent"
        },
        {
            "Timestamp": "2021-01-18T12:24:43+00:00",
            "Maximum": 23.483390945450772,
            "Unit": "Percent"
        },
        {
            "Timestamp": "2021-01-18T12:27:33+00:00",
            "Maximum": 23.336100843824592,
            "Unit": "Percent"
        },
        {
            "Timestamp": "2021-01-18T12:23:33+00:00",
            "Maximum": 23.488979187788892,
            "Unit": "Percent"
        },
        {
            "Timestamp": "2021-01-18T12:29:43+00:00",
            "Maximum": 23.49776071146308,
            "Unit": "Percent"
        },
        {
            "Timestamp": "2021-01-18T12:35:53+00:00",
            "Maximum": 23.3688319775193,
            "Unit": "Percent"
        },
        {
            "Timestamp": "2021-01-18T12:24:33+00:00",
            "Maximum": 23.4845884259518,
            "Unit": "Percent"
        },
        {
            "Timestamp": "2021-01-18T12:30:43+00:00",
            "Maximum": 23.44068080758085,
            "Unit": "Percent"
        },
        {
            "Timestamp": "2021-01-18T12:36:53+00:00",
            "Maximum": 23.364042055515196,
            "Unit": "Percent"
        },
        {
            "Timestamp": "2021-01-18T12:32:53+00:00",
            "Maximum": 23.416332037393325,
            "Unit": "Percent"
        },
        {
            "Timestamp": "2021-01-18T12:27:43+00:00",
            "Maximum": 23.33450420315656,
            "Unit": "Percent"
        },
        {
            "Timestamp": "2021-01-18T12:33:53+00:00",
            "Maximum": 23.378012661360497,
            "Unit": "Percent"
        },
        {
            "Timestamp": "2021-01-18T12:22:33+00:00",
            "Maximum": 23.46942033960547,
            "Unit": "Percent"
        },
        {
            "Timestamp": "2021-01-18T12:28:43+00:00",
            "Maximum": 23.355260531841008,
            "Unit": "Percent"
        },
        {
            "Timestamp": "2021-01-18T12:34:53+00:00",
            "Maximum": 23.373621899523403,
            "Unit": "Percent"
        }
    ]
}
