{
    "Label": "mem_used_percent",
    "Datapoints": [
        {
            "Timestamp": "2021-01-18T12:42:24+00:00",
            "Maximum": 23.686164310291147,
            "Unit": "Percent"
        },
        {
            "Timestamp": "2021-01-18T12:46:14+00:00",
            "Maximum": 23.575596944029762,
            "Unit": "Percent"
        },
        {
            "Timestamp": "2021-01-18T12:50:04+00:00",
            "Maximum": 23.45026065158906,
            "Unit": "Percent"
        },
        {
            "Timestamp": "2021-01-18T12:38:44+00:00",
            "Maximum": 23.678181106950976,
            "Unit": "Percent"
        },
        {
            "Timestamp": "2021-01-18T12:42:34+00:00",
            "Maximum": 23.684567669623114,
            "Unit": "Percent"
        },
        {
            "Timestamp": "2021-01-18T12:49:44+00:00",
            "Maximum": 23.47780270311265,
            "Unit": "Percent"
        },
        {
            "Timestamp": "2021-01-18T12:38:24+00:00",
            "Maximum": 23.361247934346135,
            "Unit": "Percent"
        },
        {
            "Timestamp": "2021-01-18T12:50:14+00:00",
            "Maximum": 23.449462331255038,
            "Unit": "Percent"
        },
        {
            "Timestamp": "2021-01-18T12:38:54+00:00",
            "Maximum": 23.677781946783966,
            "Unit": "Percent"
        },
        {
            "Timestamp": "2021-01-18T12:46:04+00:00",
            "Maximum": 23.57679442453079,
            "Unit": "Percent"
        },
        {
            "Timestamp": "2021-01-18T12:46:34+00:00",
            "Maximum": 23.57400030336173,
            "Unit": "Percent"
        },
        {
            "Timestamp": "2021-01-18T12:41:54+00:00",
            "Maximum": 23.688559271293197,
            "Unit": "Percent"
        },
        {
            "Timestamp": "2021-01-18T12:42:54+00:00",
            "Maximum": 23.683769349289097,
            "Unit": "Percent"
        },
        {
            "Timestamp": "2021-01-18T12:45:44+00:00",
            "Maximum": 24.03024037425257,
            "Unit": "Percent"
        },
        {
            "Timestamp": "2021-01-18T12:46:44+00:00",
            "Maximum": 23.57360114319472,
            "Unit": "Percent"
        },
        {
            "Timestamp": "2021-01-18T12:45:54+00:00",
            "Maximum": 24.05379082410608,
            "Unit": "Percent"
        },
        {
            "Timestamp": "2021-01-18T12:46:54+00:00",
            "Maximum": 23.57240366269369,
            "Unit": "Percent"
        },
        {
            "Timestamp": "2021-01-18T12:41:44+00:00",
            "Maximum": 23.690155911961234,
            "Unit": "Percent"
        },
        {
            "Timestamp": "2021-01-18T12:42:44+00:00",
            "Maximum": 23.684567669623114,
            "Unit": "Percent"
        },
        {
            "Timestamp": "2021-01-18T12:49:54+00:00",
            "Maximum": 23.45145813209008,
            "Unit": "Percent"
        },
        {
            "Timestamp": "2021-01-18T12:38:34+00:00",
            "Maximum": 24.11446316949139,
            "Unit": "Percent"
        },
        {
            "Timestamp": "2021-01-18T12:50:54+00:00",
            "Maximum": 23.41154211538922,
            "Unit": "Percent"
        },
        {
            "Timestamp": "2021-01-18T12:37:44+00:00",
            "Maximum": 23.364042055515196,
            "Unit": "Percent"
        },
        {
            "Timestamp": "2021-01-18T12:52:54+00:00",
            "Maximum": 23.465827898102393,
            "Unit": "Percent"
        },
        {
            "Timestamp": "2021-01-18T12:39:44+00:00",
            "Maximum": 23.673391184946873,
            "Unit": "Percent"
        },
        {
            "Timestamp": "2021-01-18T12:37:54+00:00",
            "Maximum": 23.36324373518118,
            "Unit": "Percent"
        },
        {
            "Timestamp": "2021-01-18T12:50:44+00:00",
            "Maximum": 23.442277448248884,
            "Unit": "Percent"
        },
        {
            "Timestamp": "2021-01-18T12:39:54+00:00",
            "Maximum": 23.672592864612856,
            "Unit": "Percent"
        },
        {
            "Timestamp": "2021-01-18T12:52:44+00:00",
            "Maximum": 23.46662621843641,
            "Unit": "Percent"
        },
        {
            "Timestamp": "2021-01-18T12:48:34+00:00",
            "Maximum": 23.44586988975196,
            "Unit": "Percent"
        },
        {
            "Timestamp": "2021-01-18T12:40:04+00:00",
            "Maximum": 23.67139538411183,
            "Unit": "Percent"
        },
        {
            "Timestamp": "2021-01-18T12:52:24+00:00",
            "Maximum": 23.462235456599316,
            "Unit": "Percent"
        },
        {
            "Timestamp": "2021-01-18T12:38:14+00:00",
            "Maximum": 23.361247934346135,
            "Unit": "Percent"
        },
        {
            "Timestamp": "2021-01-18T12:50:34+00:00",
            "Maximum": 23.57679442453079,
            "Unit": "Percent"
        },
        {
            "Timestamp": "2021-01-18T12:42:04+00:00",
            "Maximum": 23.71729880331782,
            "Unit": "Percent"
        },
        {
            "Timestamp": "2021-01-18T12:40:14+00:00",
            "Maximum": 23.670597063777812,
            "Unit": "Percent"
        },
        {
            "Timestamp": "2021-01-18T12:46:24+00:00",
            "Maximum": 23.574399463528735,
            "Unit": "Percent"
        },
        {
            "Timestamp": "2021-01-18T12:52:34+00:00",
            "Maximum": 23.485785906452822,
            "Unit": "Percent"
        },
        {
            "Timestamp": "2021-01-18T12:42:14+00:00",
            "Maximum": 23.686563470458157,
            "Unit": "Percent"
        },
        {
            "Timestamp": "2021-01-18T12:48:24+00:00",
            "Maximum": 23.64784493425832,
            "Unit": "Percent"
        },
        {
            "Timestamp": "2021-01-18T12:38:04+00:00",
            "Maximum": 23.36284457501417,
            "Unit": "Percent"
        },
        {
            "Timestamp": "2021-01-18T12:44:14+00:00",
            "Maximum": 23.810303122230827,
            "Unit": "Percent"
        },
        {
            "Timestamp": "2021-01-18T12:50:24+00:00",
            "Maximum": 23.497361551296073,
            "Unit": "Percent"
        },
        {
            "Timestamp": "2021-01-18T12:48:04+00:00",
            "Maximum": 23.62469364457182,
            "Unit": "Percent"
        },
        {
            "Timestamp": "2021-01-18T12:51:54+00:00",
            "Maximum": 23.46103797609829,
            "Unit": "Percent"
        },
        {
            "Timestamp": "2021-01-18T12:40:34+00:00",
            "Maximum": 23.669399583276785,
            "Unit": "Percent"
        },
        {
            "Timestamp": "2021-01-18T12:44:24+00:00",
            "Maximum": 23.809903962063817,
            "Unit": "Percent"
        },
        {
            "Timestamp": "2021-01-18T12:48:14+00:00",
            "Maximum": 23.621101203068744,
            "Unit": "Percent"
        },
        {
            "Timestamp": "2021-01-18T12:52:04+00:00",
            "Maximum": 23.4893783479559,
            "Unit": "Percent"
        },
        {
            "Timestamp": "2021-01-18T12:44:04+00:00",
            "Maximum": 23.811101442564844,
            "Unit": "Percent"
        },
        {
            "Timestamp": "2021-01-18T12:44:34+00:00",
            "Maximum": 23.808307321395784,
            "Unit": "Percent"
        },
        {
            "Timestamp": "2021-01-18T12:51:44+00:00",
            "Maximum": 23.464630417601366,
            "Unit": "Percent"
        },
        {
            "Timestamp": "2021-01-18T12:40:24+00:00",
            "Maximum": 23.670197903610802,
            "Unit": "Percent"
        },
        {
            "Timestamp": "2021-01-18T12:52:14+00:00",
            "Maximum": 23.487781707287866,
            "Unit": "Percent"
        },
        {
            "Timestamp": "2021-01-18T12:40:54+00:00",
            "Maximum": 23.66820210277576,
            "Unit": "Percent"
        },
        {
            "Timestamp": "2021-01-18T12:43:54+00:00",
            "Maximum": 23.81229892306587,
            "Unit": "Percent"
        },
        {
            "Timestamp": "2021-01-18T12:47:44+00:00",
            "Maximum": 23.651836535928407,
            "Unit": "Percent"
        },
        {
            "Timestamp": "2021-01-18T12:44:54+00:00",
            "Maximum": 23.807908161228774,
            "Unit": "Percent"
        },
        {
            "Timestamp": "2021-01-18T12:48:44+00:00",
            "Maximum": 23.44586988975196,
            "Unit": "Percent"
        },
        {
            "Timestamp": "2021-01-18T12:40:44+00:00",
            "Maximum": 23.66860126294277,
            "Unit": "Percent"
        },
        {
            "Timestamp": "2021-01-18T12:47:54+00:00",
            "Maximum": 23.628685246241908,
            "Unit": "Percent"
        },
        {
            "Timestamp": "2021-01-18T12:48:54+00:00",
            "Maximum": 23.413937076391274,
            "Unit": "Percent"
        },
        {
            "Timestamp": "2021-01-18T12:37:34+00:00",
            "Maximum": 23.365239536016222,
            "Unit": "Percent"
        },
        {
            "Timestamp": "2021-01-18T12:43:44+00:00",
            "Maximum": 23.812698083232878,
            "Unit": "Percent"
        },
        {
            "Timestamp": "2021-01-18T12:44:44+00:00",
            "Maximum": 23.808307321395784,
            "Unit": "Percent"
        },
        {
            "Timestamp": "2021-01-18T12:45:14+00:00",
            "Maximum": 23.80591236039373,
            "Unit": "Percent"
        },
        {
            "Timestamp": "2021-01-18T12:39:34+00:00",
            "Maximum": 23.67379034511388,
            "Unit": "Percent"
        },
        {
            "Timestamp": "2021-01-18T12:49:04+00:00",
            "Maximum": 23.4430757685829,
            "Unit": "Percent"
        },
        {
            "Timestamp": "2021-01-18T12:43:24+00:00",
            "Maximum": 23.681374388287043,
            "Unit": "Percent"
        },
        {
            "Timestamp": "2021-01-18T12:47:14+00:00",
            "Maximum": 23.571206182192668,
            "Unit": "Percent"
        },
        {
            "Timestamp": "2021-01-18T12:41:34+00:00",
            "Maximum": 23.66500882143969,
            "Unit": "Percent"
        },
        {
            "Timestamp": "2021-01-18T12:45:24+00:00",
            "Maximum": 23.695744154299355,
            "Unit": "Percent"
        },
        {
            "Timestamp": "2021-01-18T12:51:04+00:00",
            "Maximum": 23.494168269960003,
            "Unit": "Percent"
        },
        {
            "Timestamp": "2021-01-18T12:37:24+00:00",
            "Maximum": 23.36603785635024,
            "Unit": "Percent"
        },
        {
            "Timestamp": "2021-01-18T12:43:34+00:00",
            "Maximum": 23.813097243399888,
            "Unit": "Percent"
        },
        {
            "Timestamp": "2021-01-18T12:49:14+00:00",
            "Maximum": 23.493369949625986,
            "Unit": "Percent"
        },
        {
            "Timestamp": "2021-01-18T12:45:04+00:00",
            "Maximum": 23.80631152056074,
            "Unit": "Percent"
        },
        {
            "Timestamp": "2021-01-18T12:39:24+00:00",
            "Maximum": 23.674987825614906,
            "Unit": "Percent"
        },
        {
            "Timestamp": "2021-01-18T12:51:14+00:00",
            "Maximum": 23.413537916224264,
            "Unit": "Percent"
        },
        {
            "Timestamp": "2021-01-18T12:45:34+00:00",
            "Maximum": 23.695344994132345,
            "Unit": "Percent"
        },
        {
            "Timestamp": "2021-01-18T12:47:04+00:00",
            "Maximum": 23.571605342359675,
            "Unit": "Percent"
        },
        {
            "Timestamp": "2021-01-18T12:41:24+00:00",
            "Maximum": 23.66500882143969,
            "Unit": "Percent"
        },
        {
            "Timestamp": "2021-01-18T12:47:34+00:00",
            "Maximum": 23.602340675219338,
            "Unit": "Percent"
        },
        {
            "Timestamp": "2021-01-18T12:39:04+00:00",
            "Maximum": 23.675786145948923,
            "Unit": "Percent"
        },
        {
            "Timestamp": "2021-01-18T12:51:24+00:00",
            "Maximum": 23.442277448248884,
            "Unit": "Percent"
        },
        {
            "Timestamp": "2021-01-18T12:37:14+00:00",
            "Maximum": 23.36603785635024,
            "Unit": "Percent"
        },
        {
            "Timestamp": "2021-01-18T12:49:34+00:00",
            "Maximum": 23.44068080758085,
            "Unit": "Percent"
        },
        {
            "Timestamp": "2021-01-18T12:41:04+00:00",
            "Maximum": 23.66620630194072,
            "Unit": "Percent"
        },
        {
            "Timestamp": "2021-01-18T12:39:14+00:00",
            "Maximum": 23.675386985781916,
            "Unit": "Percent"
        },
        {
            "Timestamp": "2021-01-18T12:51:34+00:00",
            "Maximum": 23.490974988623936,
            "Unit": "Percent"
        },
        {
            "Timestamp": "2021-01-18T12:43:04+00:00",
            "Maximum": 23.68257186878807,
            "Unit": "Percent"
        },
        {
            "Timestamp": "2021-01-18T12:41:14+00:00",
            "Maximum": 23.66580714177371,
            "Unit": "Percent"
        },
        {
            "Timestamp": "2021-01-18T12:47:24+00:00",
            "Maximum": 23.603138995553355,
            "Unit": "Percent"
        },
        {
            "Timestamp": "2021-01-18T12:37:04+00:00",
            "Maximum": 23.367235336851266,
            "Unit": "Percent"
        },
        {
            "Timestamp": "2021-01-18T12:43:14+00:00",
            "Maximum": 23.68217270862106,
            "Unit": "Percent"
        },
        {
            "Timestamp": "2021-01-18T12:49:24+00:00",
            "Maximum": 23.441079967747857,
            "Unit": "Percent"
        }
    ]
}
