{
    "Label": "RequestCount",
    "Datapoints": [
        {
            "Timestamp": "2021-01-18T12:45:00+00:00",
            "Sum": 269.0,
            "Unit": "Count"
        },
        {
            "Timestamp": "2021-01-18T12:44:00+00:00",
            "Sum": 276.0,
            "Unit": "Count"
        },
        {
            "Timestamp": "2021-01-18T12:39:00+00:00",
            "Sum": 277.0,
            "Unit": "Count"
        },
        {
            "Timestamp": "2021-01-18T12:48:00+00:00",
            "Sum": 278.0,
            "Unit": "Count"
        },
        {
            "Timestamp": "2021-01-18T12:47:00+00:00",
            "Sum": 275.0,
            "Unit": "Count"
        },
        {
            "Timestamp": "2021-01-18T12:38:00+00:00",
            "Sum": 273.0,
            "Unit": "Count"
        },
        {
            "Timestamp": "2021-01-18T12:37:00+00:00",
            "Sum": 280.0,
            "Unit": "Count"
        },
        {
            "Timestamp": "2021-01-18T12:46:00+00:00",
            "Sum": 288.0,
            "Unit": "Count"
        },
        {
            "Timestamp": "2021-01-18T12:41:00+00:00",
            "Sum": 269.0,
            "Unit": "Count"
        },
        {
            "Timestamp": "2021-01-18T12:50:00+00:00",
            "Sum": 274.0,
            "Unit": "Count"
        },
        {
            "Timestamp": "2021-01-18T12:40:00+00:00",
            "Sum": 269.0,
            "Unit": "Count"
        },
        {
            "Timestamp": "2021-01-18T12:49:00+00:00",
            "Sum": 283.0,
            "Unit": "Count"
        },
        {
            "Timestamp": "2021-01-18T12:52:00+00:00",
            "Sum": 265.0,
            "Unit": "Count"
        },
        {
            "Timestamp": "2021-01-18T12:43:00+00:00",
            "Sum": 273.0,
            "Unit": "Count"
        },
        {
            "Timestamp": "2021-01-18T12:42:00+00:00",
            "Sum": 279.0,
            "Unit": "Count"
        },
        {
            "Timestamp": "2021-01-18T12:51:00+00:00",
            "Sum": 281.0,
            "Unit": "Count"
        }
    ]
}
