{
    "Label": "RequestCount",
    "Datapoints": [
        {
            "Timestamp": "2021-01-18T12:28:00+00:00",
            "Sum": 280.0,
            "Unit": "Count"
        },
        {
            "Timestamp": "2021-01-18T12:36:00+00:00",
            "Sum": 284.0,
            "Unit": "Count"
        },
        {
            "Timestamp": "2021-01-18T12:27:00+00:00",
            "Sum": 283.0,
            "Unit": "Count"
        },
        {
            "Timestamp": "2021-01-18T12:26:00+00:00",
            "Sum": 273.0,
            "Unit": "Count"
        },
        {
            "Timestamp": "2021-01-18T12:35:00+00:00",
            "Sum": 275.0,
            "Unit": "Count"
        },
        {
            "Timestamp": "2021-01-18T12:30:00+00:00",
            "Sum": 271.0,
            "Unit": "Count"
        },
        {
            "Timestamp": "2021-01-18T12:29:00+00:00",
            "Sum": 283.0,
            "Unit": "Count"
        },
        {
            "Timestamp": "2021-01-18T12:23:00+00:00",
            "Sum": 281.0,
            "Unit": "Count"
        },
        {
            "Timestamp": "2021-01-18T12:32:00+00:00",
            "Sum": 271.0,
            "Unit": "Count"
        },
        {
            "Timestamp": "2021-01-18T12:31:00+00:00",
            "Sum": 270.0,
            "Unit": "Count"
        },
        {
            "Timestamp": "2021-01-18T12:22:00+00:00",
            "Sum": 289.0,
            "Unit": "Count"
        },
        {
            "Timestamp": "2021-01-18T12:25:00+00:00",
            "Sum": 277.0,
            "Unit": "Count"
        },
        {
            "Timestamp": "2021-01-18T12:34:00+00:00",
            "Sum": 278.0,
            "Unit": "Count"
        },
        {
            "Timestamp": "2021-01-18T12:24:00+00:00",
            "Sum": 271.0,
            "Unit": "Count"
        },
        {
            "Timestamp": "2021-01-18T12:33:00+00:00",
            "Sum": 284.0,
            "Unit": "Count"
        }
    ]
}
