{
    "Label": "RequestCount",
    "Datapoints": [
        {
            "Timestamp": "2021-01-18T12:10:00+00:00",
            "Sum": 276.0,
            "Unit": "Count"
        },
        {
            "Timestamp": "2021-01-18T12:19:00+00:00",
            "Sum": 288.0,
            "Unit": "Count"
        },
        {
            "Timestamp": "2021-01-18T12:09:00+00:00",
            "Sum": 283.0,
            "Unit": "Count"
        },
        {
            "Timestamp": "2021-01-18T12:18:00+00:00",
            "Sum": 276.0,
            "Unit": "Count"
        },
        {
            "Timestamp": "2021-01-18T12:21:00+00:00",
            "Sum": 265.0,
            "Unit": "Count"
        },
        {
            "Timestamp": "2021-01-18T12:12:00+00:00",
            "Sum": 270.0,
            "Unit": "Count"
        },
        {
            "Timestamp": "2021-01-18T12:20:00+00:00",
            "Sum": 270.0,
            "Unit": "Count"
        },
        {
            "Timestamp": "2021-01-18T12:11:00+00:00",
            "Sum": 283.0,
            "Unit": "Count"
        },
        {
            "Timestamp": "2021-01-18T12:14:00+00:00",
            "Sum": 274.0,
            "Unit": "Count"
        },
        {
            "Timestamp": "2021-01-18T12:13:00+00:00",
            "Sum": 276.0,
            "Unit": "Count"
        },
        {
            "Timestamp": "2021-01-18T12:08:00+00:00",
            "Sum": 278.0,
            "Unit": "Count"
        },
        {
            "Timestamp": "2021-01-18T12:17:00+00:00",
            "Sum": 278.0,
            "Unit": "Count"
        },
        {
            "Timestamp": "2021-01-18T12:07:00+00:00",
            "Sum": 283.0,
            "Unit": "Count"
        },
        {
            "Timestamp": "2021-01-18T12:16:00+00:00",
            "Sum": 267.0,
            "Unit": "Count"
        },
        {
            "Timestamp": "2021-01-18T12:15:00+00:00",
            "Sum": 284.0,
            "Unit": "Count"
        }
    ]
}
