{
    "Label": "RequestCount",
    "Datapoints": [
        {
            "Timestamp": "2021-01-18T11:52:00+00:00",
            "Sum": 0.0,
            "Unit": "Count"
        },
        {
            "Timestamp": "2021-01-18T12:01:00+00:00",
            "Sum": 274.0,
            "Unit": "Count"
        },
        {
            "Timestamp": "2021-01-18T12:00:00+00:00",
            "Sum": 275.0,
            "Unit": "Count"
        },
        {
            "Timestamp": "2021-01-18T11:55:00+00:00",
            "Sum": 280.0,
            "Unit": "Count"
        },
        {
            "Timestamp": "2021-01-18T11:54:00+00:00",
            "Sum": 172.0,
            "Unit": "Count"
        },
        {
            "Timestamp": "2021-01-18T12:03:00+00:00",
            "Sum": 270.0,
            "Unit": "Count"
        },
        {
            "Timestamp": "2021-01-18T11:53:00+00:00",
            "Sum": 10.0,
            "Unit": "Count"
        },
        {
            "Timestamp": "2021-01-18T12:02:00+00:00",
            "Sum": 269.0,
            "Unit": "Count"
        },
        {
            "Timestamp": "2021-01-18T11:57:00+00:00",
            "Sum": 286.0,
            "Unit": "Count"
        },
        {
            "Timestamp": "2021-01-18T12:06:00+00:00",
            "Sum": 273.0,
            "Unit": "Count"
        },
        {
            "Timestamp": "2021-01-18T12:05:00+00:00",
            "Sum": 274.0,
            "Unit": "Count"
        },
        {
            "Timestamp": "2021-01-18T11:56:00+00:00",
            "Sum": 280.0,
            "Unit": "Count"
        },
        {
            "Timestamp": "2021-01-18T12:04:00+00:00",
            "Sum": 271.0,
            "Unit": "Count"
        },
        {
            "Timestamp": "2021-01-18T11:59:00+00:00",
            "Sum": 281.0,
            "Unit": "Count"
        },
        {
            "Timestamp": "2021-01-18T11:58:00+00:00",
            "Sum": 276.0,
            "Unit": "Count"
        }
    ]
}
